Date,Open,High,Low,Close,Adj Close,Volume,Symbol,DailyReturn,Source,LoadTime
2019-01-02,154.88999938964844,158.85000610351562,154.22999572753906,157.9199981689453,155.21400451660156,37039700,AAPL,1.9562262194052116,Bloomberg,2025-10-22 19:20:59
2019-01-03,143.97999572753906,145.72000122070312,142.0,142.19000244140625,139.7535400390625,91312200,AAPL,-1.2432235999785075,Bloomberg,2025-10-22 19:20:59
2019-01-04,144.52999877929688,148.5500030517578,143.8000030517578,148.25999450683594,145.71951293945312,58607100,AAPL,2.5807761426988702,Bloomberg,2025-10-22 19:20:59
2019-01-07,148.6999969482422,148.8300018310547,145.89999389648438,147.92999267578125,145.39520263671875,54777800,AAPL,-0.517824000177318,Bloomberg,2025-10-22 19:20:59
2019-01-08,149.55999755859375,151.82000732421875,148.52000427246094,150.75,148.1668701171875,41025300,AAPL,0.7956689361004019,Bloomberg,2025-10-22 19:20:59
2019-01-09,151.2899932861328,154.52999877929688,149.6300048828125,153.30999755859375,150.6829833984375,45099100,AAPL,1.3351869668210834,Bloomberg,2025-10-22 19:20:59
2019-01-10,152.5,153.97000122070312,150.86000061035156,153.8000030517578,151.1646270751953,35780700,AAPL,0.8524610175461066,Bloomberg,2025-10-22 19:20:59
2019-01-11,152.8800048828125,153.6999969482422,151.50999450683594,152.2899932861328,149.6804656982422,27023200,AAPL,-0.38593117336171634,Bloomberg,2025-10-22 19:20:59
2019-01-14,150.85000610351562,151.27000427246094,149.22000122070312,150.0,147.42971801757812,32439200,AAPL,-0.5634776726043601,Bloomberg,2025-10-22 19:20:59
2019-01-15,150.27000427246094,153.38999938964844,150.0500030517578,153.07000732421875,150.44712829589844,28710900,AAPL,1.8633146816719375,Bloomberg,2025-10-22 19:20:59
2019-01-16,153.0800018310547,155.8800048828125,153.0,154.94000244140625,152.2850799560547,30569700,AAPL,1.2150513379300418,Bloomberg,2025-10-22 19:20:59
2019-01-17,154.1999969482422,157.66000366210938,153.25999450683594,155.86000061035156,153.18930053710938,29821200,AAPL,1.0765263910261695,Bloomberg,2025-10-22 19:20:59
2019-01-18,157.5,157.8800048828125,155.97999572753906,156.82000732421875,154.1328582763672,33751000,AAPL,-0.4317413814484127,Bloomberg,2025-10-22 19:20:59
2019-01-22,156.41000366210938,156.72999572753906,152.6199951171875,153.3000030517578,150.6731719970703,30394000,AAPL,-1.988364259021475,Bloomberg,2025-10-22 19:20:59
2019-01-23,154.14999389648438,155.13999938964844,151.6999969482422,153.9199981689453,151.2825469970703,23130600,AAPL,-0.14920255377597386,Bloomberg,2025-10-22 19:20:59
2019-01-24,154.11000061035156,154.47999572753906,151.74000549316406,152.6999969482422,150.08343505859375,25441500,AAPL,-0.9149332661897771,Bloomberg,2025-10-22 19:20:59
2019-01-25,155.47999572753906,158.1300048828125,154.32000732421875,157.75999450683594,155.05674743652344,33535500,AAPL,1.4664258052156836,Bloomberg,2025-10-22 19:20:59
2019-01-28,155.7899932861328,156.3300018310547,153.66000366210938,156.3000030517578,153.62176513671875,26192100,AAPL,0.3273700414687655,Bloomberg,2025-10-22 19:20:59
2019-01-29,156.25,158.1300048828125,154.11000061035156,154.67999267578125,152.02951049804688,41587200,AAPL,-1.0048046874999998,Bloomberg,2025-10-22 19:20:59
2019-01-30,163.25,166.14999389648438,160.22999572753906,165.25,162.4184112548828,61109800,AAPL,1.2251148545176112,Bloomberg,2025-10-22 19:20:59
2019-01-31,166.11000061035156,169.0,164.55999755859375,166.44000244140625,163.58799743652344,40739600,AAPL,0.19866463779551788,Bloomberg,2025-10-22 19:20:59
2019-02-01,166.9600067138672,168.97999572753906,165.92999267578125,166.52000427246094,163.66664123535156,32668100,AAPL,-0.2635376280023261,Bloomberg,2025-10-22 19:20:59
2019-02-04,167.41000366210938,171.66000366210938,167.27999877929688,171.25,168.31558227539062,31495500,AAPL,2.2937675490653775,Bloomberg,2025-10-22 19:20:59
2019-02-05,172.86000061035156,175.0800018310547,172.35000610351562,174.17999267578125,171.1953887939453,36101600,AAPL,0.7636191488886533,Bloomberg,2025-10-22 19:20:59
2019-02-06,174.64999389648438,175.57000732421875,172.85000610351562,174.24000549316406,171.25436401367188,28239600,AAPL,-0.2347485929849582,Bloomberg,2025-10-22 19:20:59
2019-02-07,172.39999389648438,173.94000244140625,170.33999633789062,170.94000244140625,168.0109100341797,31741700,AAPL,-0.8468628229504233,Bloomberg,2025-10-22 19:20:59
2019-02-08,168.99000549316406,170.66000366210938,168.4199981689453,170.41000366210938,168.2083282470703,23820000,AAPL,0.840285296637116,Bloomberg,2025-10-22 19:20:59
2019-02-11,171.0500030517578,171.2100067138672,169.25,169.42999267578125,167.240966796875,20993400,AAPL,-0.94709754286667,Bloomberg,2025-10-22 19:20:59
2019-02-12,170.10000610351562,171.0,169.6999969482422,170.88999938964844,168.68211364746094,22283500,AAPL,0.46442872297844373,Bloomberg,2025-10-22 19:20:59
2019-02-13,171.38999938964844,172.47999572753906,169.9199981689453,170.17999267578125,167.9812774658203,22490200,AAPL,-0.70599610139229,Bloomberg,2025-10-22 19:20:59
2019-02-14,169.7100067138672,171.25999450683594,169.3800048828125,170.8000030517578,168.59329223632812,21835700,AAPL,0.6422699279768281,Bloomberg,2025-10-22 19:20:59
2019-02-15,171.25,171.6999969482422,169.75,170.4199981689453,168.21820068359375,24626800,AAPL,-0.48467260207572993,Bloomberg,2025-10-22 19:20:59
2019-02-19,169.7100067138672,171.44000244140625,169.49000549316406,170.92999267578125,168.72158813476562,18972800,AAPL,0.7188650719759686,Bloomberg,2025-10-22 19:20:59
2019-02-20,171.19000244140625,173.32000732421875,170.99000549316406,172.02999877929688,169.80738830566406,26114400,AAPL,0.4906807207845757,Bloomberg,2025-10-22 19:20:59
2019-02-21,171.8000030517578,172.3699951171875,170.3000030517578,171.05999755859375,168.8499298095703,17249700,AAPL,-0.4307366007095604,Bloomberg,2025-10-22 19:20:59
2019-02-22,171.5800018310547,173.0,171.3800048828125,172.97000122070312,170.7352294921875,18913200,AAPL,0.8101173649695451,Bloomberg,2025-10-22 19:20:59
2019-02-25,174.16000366210938,175.8699951171875,173.9499969482422,174.22999572753906,171.9789581298828,21873400,AAPL,0.040188369291424816,Bloomberg,2025-10-22 19:20:59
2019-02-26,173.7100067138672,175.3000030517578,173.1699981689453,174.3300018310547,172.07766723632812,17070200,AAPL,0.3569138755539557,Bloomberg,2025-10-22 19:20:59
2019-02-27,173.2100067138672,175.0,172.72999572753906,174.8699951171875,172.61068725585938,27835400,AAPL,0.9583674955122636,Bloomberg,2025-10-22 19:20:59
2019-02-28,174.32000732421875,174.91000366210938,172.9199981689453,173.14999389648438,170.9129180908203,28215400,AAPL,-0.6711871148320115,Bloomberg,2025-10-22 19:20:59
2019-03-01,174.27999877929688,175.14999389648438,172.88999938964844,174.97000122070312,172.70938110351562,25886200,AAPL,0.3959160237773751,Bloomberg,2025-10-22 19:20:59
2019-03-04,175.69000244140625,177.75,173.97000122070312,175.85000610351562,173.57803344726562,27436200,AAPL,0.09107158056004766,Bloomberg,2025-10-22 19:20:59
2019-03-05,175.94000244140625,176.0,174.5399932861328,175.52999877929688,173.2621612548828,19737400,AAPL,-0.23303606707969646,Bloomberg,2025-10-22 19:20:59
2019-03-06,174.6699981689453,175.49000549316406,173.94000244140625,174.52000427246094,172.26522827148438,20810400,AAPL,-0.08587273032389744,Bloomberg,2025-10-22 19:20:59
2019-03-07,173.8699951171875,174.44000244140625,172.02000427246094,172.5,170.2713165283203,24796400,AAPL,-0.7879422302071902,Bloomberg,2025-10-22 19:20:59
2019-03-08,170.32000732421875,173.07000732421875,169.5,172.91000366210938,170.676025390625,23999400,AAPL,1.5206647642753706,Bloomberg,2025-10-22 19:20:59
2019-03-11,175.49000549316406,179.1199951171875,175.35000610351562,178.89999389648438,176.58860778808594,32011000,AAPL,1.9431239937211944,Bloomberg,2025-10-22 19:20:59
2019-03-12,180.0,182.6699981689453,179.3699951171875,180.91000366210935,178.57266235351562,32467600,AAPL,0.5055575900607481,Bloomberg,2025-10-22 19:20:59
2019-03-13,182.25,183.3000030517578,180.9199981689453,181.7100067138672,179.36231994628906,31032500,AAPL,-0.2962926124185528,Bloomberg,2025-10-22 19:20:59
2019-03-14,183.8999938964844,184.1000061035156,182.55999755859372,183.72999572753903,181.3562164306641,23579500,AAPL,-0.09244055170608638,Bloomberg,2025-10-22 19:20:59
2019-03-15,184.8500061035156,187.3300018310547,183.7400054931641,186.1199951171875,183.71533203125,39042900,AAPL,0.6870375827635691,Bloomberg,2025-10-22 19:20:59
2019-03-18,185.8000030517578,188.38999938964844,185.7899932861328,188.0200042724609,185.5908050537109,26219800,AAPL,1.1948337913022944,Bloomberg,2025-10-22 19:20:59
2019-03-19,188.3500061035156,188.9900054931641,185.9199981689453,186.52999877929688,184.12005615234372,31646400,AAPL,-0.966290026674308,Bloomberg,2025-10-22 19:20:59
2019-03-20,186.22999572753903,189.4900054931641,184.72999572753903,188.16000366210935,185.7289886474609,31035200,AAPL,1.0363571813608272,Bloomberg,2025-10-22 19:20:59
2019-03-21,190.0200042724609,196.3300018310547,189.80999755859372,195.08999633789065,192.5694274902344,51034200,AAPL,2.668135960127712,Bloomberg,2025-10-22 19:20:59
2019-03-22,195.33999633789065,197.69000244140625,190.77999877929688,191.0500030517578,188.58164978027344,42407700,AAPL,-2.1961673833105824,Bloomberg,2025-10-22 19:20:59
2019-03-25,191.50999450683597,191.97999572753903,186.6000061035156,188.7400054931641,186.30148315429688,43845300,AAPL,-1.4463939706149385,Bloomberg,2025-10-22 19:20:59
2019-03-26,191.66000366210935,192.8800048828125,184.5800018310547,186.7899932861328,184.37667846679688,49800500,AAPL,-2.5409633115536256,Bloomberg,2025-10-22 19:20:59
2019-03-27,188.75,189.75999450683597,186.5500030517578,188.47000122070312,186.03497314453125,29848400,AAPL,-0.1483437241307947,Bloomberg,2025-10-22 19:20:59
2019-03-28,188.9499969482422,189.55999755859372,187.52999877929688,188.72000122070312,186.28173828125,20780400,AAPL,-0.1217230649662639,Bloomberg,2025-10-22 19:20:59
2019-03-29,189.8300018310547,190.0800018310547,188.5399932861328,189.9499969482422,187.4958648681641,23564000,AAPL,0.06321188222623182,Bloomberg,2025-10-22 19:20:59
2019-04-01,191.63999938964844,191.67999267578125,188.3800048828125,191.2400054931641,188.7692108154297,27862000,AAPL,-0.20872150790976915,Bloomberg,2025-10-22 19:20:59
2019-04-02,191.08999633789065,194.4600067138672,191.0500030517578,194.0200042724609,191.51329040527344,22765700,AAPL,1.5333130936845767,Bloomberg,2025-10-22 19:20:59
2019-04-03,193.25,196.5,193.1499938964844,195.3500061035156,192.82611083984372,23271800,AAPL,1.0866784494259232,Bloomberg,2025-10-22 19:20:59
2019-04-04,194.7899932861328,196.3699951171875,193.13999938964844,195.69000244140625,193.16168212890625,19114300,AAPL,0.4620407548099184,Bloomberg,2025-10-22 19:20:59
2019-04-05,196.4499969482422,197.1000061035156,195.92999267578125,197.0,194.4547576904297,18526600,AAPL,0.27997101567923127,Bloomberg,2025-10-22 19:20:59
2019-04-08,196.4199981689453,200.22999572753903,196.33999633789065,200.1000061035156,197.51470947265625,25881700,AAPL,1.8735403568250855,Bloomberg,2025-10-22 19:20:59
2019-04-09,200.32000732421875,202.8500061035156,199.22999572753903,199.5,196.92247009277344,35768200,AAPL,-0.40934868921583295,Bloomberg,2025-10-22 19:20:59
2019-04-10,198.67999267578125,200.7400054931641,198.17999267578125,200.6199951171875,198.02798461914065,21695300,AAPL,0.9764457987332777,Bloomberg,2025-10-22 19:20:59
2019-04-11,200.8500061035156,201.0,198.44000244140625,198.9499969482422,196.37957763671875,20900800,AAPL,-0.9459841162733986,Bloomberg,2025-10-22 19:20:59
2019-04-12,199.1999969482422,200.13999938964844,196.2100067138672,198.8699951171875,196.3006134033203,27760700,AAPL,-0.16566357234454743,Bloomberg,2025-10-22 19:20:59
2019-04-15,198.5800018310547,199.8500061035156,198.00999450683597,199.22999572753903,196.6559600830078,17536600,AAPL,0.3273209238044725,Bloomberg,2025-10-22 19:20:59
2019-04-16,199.4600067138672,201.3699951171875,198.55999755859372,199.25,196.6757049560547,25696400,AAPL,-0.10528763000015835,Bloomberg,2025-10-22 19:20:59
2019-04-17,199.5399932861328,203.3800048828125,198.6100006103516,203.1300048828125,200.50558471679688,28906800,AAPL,1.7991438896821785,Bloomberg,2025-10-22 19:20:59
2019-04-18,203.1199951171875,204.1499938964844,202.5200042724609,203.8600006103516,201.2261505126953,24195800,AAPL,0.3643193732538021,Bloomberg,2025-10-22 19:20:59
2019-04-22,202.8300018310547,204.94000244140625,202.33999633789065,204.52999877929688,201.8874969482422,19439500,AAPL,0.8381388023938311,Bloomberg,2025-10-22 19:20:59
2019-04-23,204.42999267578125,207.75,203.8999938964844,207.47999572753903,204.7993621826172,23323000,AAPL,1.4919547820925578,Bloomberg,2025-10-22 19:20:59
2019-04-24,207.3600006103516,208.47999572753903,207.0500030517578,207.16000366210935,204.48350524902344,17540600,AAPL,-0.09644914528046174,Bloomberg,2025-10-22 19:20:59
2019-04-25,206.8300018310547,207.75999450683597,205.1199951171875,205.27999877929688,202.6278076171875,18543200,AAPL,-0.7494091950083258,Bloomberg,2025-10-22 19:20:59
2019-04-26,204.8999938964844,205.0,202.1199951171875,204.3000030517578,201.66046142578125,18649100,AAPL,-0.29282130922351646,Bloomberg,2025-10-22 19:20:59
2019-04-29,204.3999938964844,205.97000122070312,203.8600006103516,204.6100006103516,201.96646118164065,22204700,AAPL,0.10274301376620516,Bloomberg,2025-10-22 19:20:59
2019-04-30,203.05999755859372,203.3999938964844,199.1100006103516,200.6699981689453,198.07736206054688,46534900,AAPL,-1.1769917356365405,Bloomberg,2025-10-22 19:20:59
2019-05-01,209.8800048828125,215.30999755859372,209.22999572753903,210.5200042724609,207.80010986328125,64827300,AAPL,0.3049358560886997,Bloomberg,2025-10-22 19:20:59
2019-05-02,209.83999633789065,212.6499938964844,208.1300048828125,209.1499938964844,206.4477996826172,31996300,AAPL,-0.32882312878770137,Bloomberg,2025-10-22 19:20:59
2019-05-03,210.88999938964844,211.83999633789065,210.22999572753903,211.75,209.01422119140625,20892400,AAPL,0.4077958238136235,Bloomberg,2025-10-22 19:20:59
2019-05-06,204.2899932861328,208.83999633789065,203.5,208.47999572753903,205.78646850585935,32443100,AAPL,2.0510071854266583,Bloomberg,2025-10-22 19:20:59
2019-05-07,205.8800048828125,207.4199981689453,200.8300018310547,202.8600006103516,200.23907470703125,38763700,AAPL,-1.4668759475597954,Bloomberg,2025-10-22 19:20:59
2019-05-08,201.8999938964844,205.33999633789065,201.75,202.8999938964844,200.27853393554688,26339500,AAPL,0.4952947153196583,Bloomberg,2025-10-22 19:20:59
2019-05-09,200.3999938964844,201.67999267578125,196.66000366210935,200.72000122070312,198.126708984375,34908600,AAPL,0.15968429838576728,Bloomberg,2025-10-22 19:20:59
2019-05-10,197.4199981689453,198.8500061035156,192.7700042724609,197.17999267578125,195.3819732666016,41208700,AAPL,-0.12157101377271516,Bloomberg,2025-10-22 19:20:59
2019-05-13,187.7100067138672,189.47999572753903,182.8500061035156,185.72000122070312,184.0264892578125,57430600,AAPL,-1.0601488583384349,Bloomberg,2025-10-22 19:20:59
2019-05-14,186.41000366210935,189.6999969482422,185.41000366210935,188.66000366210935,186.93966674804688,36529700,AAPL,1.2070167672322976,Bloomberg,2025-10-22 19:20:59
2019-05-15,186.2700042724609,191.75,186.0200042724609,190.9199981689453,189.17906188964844,26544700,AAPL,2.4963728940934384,Bloomberg,2025-10-22 19:20:59
2019-05-16,189.91000366210935,192.47000122070312,188.83999633789065,190.0800018310547,188.3467254638672,33031400,AAPL,0.0895151206714756,Bloomberg,2025-10-22 19:20:59
2019-05-17,186.92999267578125,190.8999938964844,186.75999450683597,189.0,187.27658081054688,32879100,AAPL,1.107370355387031,Bloomberg,2025-10-22 19:20:59
2019-05-20,183.5200042724609,184.3500061035156,180.27999877929688,183.08999633789065,181.42047119140625,38612300,AAPL,-0.2343112056230389,Bloomberg,2025-10-22 19:20:59
2019-05-21,185.22000122070312,188.0,184.6999969482422,186.6000061035156,184.89846801757807,28364800,AAPL,0.7450625600461449,Bloomberg,2025-10-22 19:20:59
2019-05-22,184.66000366210935,185.7100067138672,182.5500030517578,182.77999877929688,181.11328125,29748600,AAPL,-1.0180899195975877,Bloomberg,2025-10-22 19:20:59
2019-05-23,179.8000030517578,180.5399932861328,177.80999755859375,179.66000366210938,178.02174377441406,36529700,AAPL,-0.07786395287665086,Bloomberg,2025-10-22 19:20:59
2019-05-24,180.1999969482422,182.13999938964844,178.6199951171875,178.97000122070312,177.33804321289062,23714700,AAPL,-0.6825725573637758,Bloomberg,2025-10-22 19:20:59
2019-05-28,178.9199981689453,180.58999633789065,177.91000366210938,178.22999572753906,176.6047821044922,27948200,AAPL,-0.38564858510378186,Bloomberg,2025-10-22 19:20:59
2019-05-29,176.4199981689453,179.35000610351562,176.0,177.3800048828125,175.7625274658203,28481200,AAPL,0.5441598026476879,Bloomberg,2025-10-22 19:20:59
2019-05-30,177.9499969482422,179.22999572753906,176.6699981689453,178.3000030517578,176.6741485595703,21218400,AAPL,0.1966878952054303,Bloomberg,2025-10-22 19:20:59
2019-05-31,176.22999572753906,177.99000549316406,174.99000549316406,175.07000732421875,173.47360229492188,27043600,AAPL,-0.6582241567512243,Bloomberg,2025-10-22 19:20:59
2019-06-03,175.60000610351562,177.9199981689453,170.27000427246094,173.3000030517578,171.7197265625,40396100,AAPL,-1.309796680987567,Bloomberg,2025-10-22 19:20:59
2019-06-04,175.44000244140625,179.8300018310547,174.52000427246094,179.63999938964844,178.00192260742188,30968000,AAPL,2.393979075350794,Bloomberg,2025-10-22 19:20:59
2019-06-05,184.27999877929688,184.9900054931641,181.13999938964844,182.5399932861328,180.87545776367188,29773400,AAPL,-0.9442183116399853,Bloomberg,2025-10-22 19:20:59
2019-06-06,183.0800018310547,185.47000122070312,182.1499938964844,185.22000122070312,183.53103637695312,22526300,AAPL,1.1688875727799142,Bloomberg,2025-10-22 19:20:59
2019-06-07,186.50999450683597,191.9199981689453,185.7700042724609,190.1499938964844,188.41607666015625,30684400,AAPL,1.9516377121093231,Bloomberg,2025-10-22 19:20:59
2019-06-10,191.80999755859372,195.3699951171875,191.6199951171875,192.5800018310547,190.8239288330078,26220900,AAPL,0.4014411564891171,Bloomberg,2025-10-22 19:20:59
2019-06-11,194.8600006103516,196.0,193.6000061035156,194.80999755859372,193.03358459472656,26932900,AAPL,-0.02566101385674173,Bloomberg,2025-10-22 19:20:59
2019-06-12,193.9499969482422,195.97000122070312,193.38999938964844,194.19000244140625,192.41925048828125,18221800,AAPL,0.1237460669969027,Bloomberg,2025-10-22 19:20:59
2019-06-13,194.6999969482422,196.7899932861328,193.6000061035156,194.1499938964844,192.3795928955078,21674600,AAPL,-0.2824874475493666,Bloomberg,2025-10-22 19:20:59
2019-06-14,191.5500030517578,193.58999633789065,190.3000030517578,192.7400054931641,190.9824676513672,18761500,AAPL,0.6212489806563635,Bloomberg,2025-10-22 19:20:59
2019-06-17,192.8999938964844,194.9600067138672,192.1699981689453,193.88999938964844,192.1219787597656,14669100,AAPL,0.5132221485166553,Bloomberg,2025-10-22 19:20:59
2019-06-18,196.0500030517578,200.2899932861328,195.2100067138672,198.4499969482422,196.6403961181641,26551000,AAPL,1.224174373438173,Bloomberg,2025-10-22 19:20:59
2019-06-19,199.67999267578125,199.8800048828125,197.30999755859372,197.8699951171875,196.0656890869141,21124200,AAPL,-0.9064491311017964,Bloomberg,2025-10-22 19:20:59
2019-06-20,200.3699951171875,200.6100006103516,198.02999877929688,199.4600067138672,197.6411895751953,21514000,AAPL,-0.45415402779647757,Bloomberg,2025-10-22 19:20:59
2019-06-21,198.8000030517578,200.8500061035156,198.1499938964844,198.77999877929688,196.9673767089844,47800600,AAPL,-0.010062511143789752,Bloomberg,2025-10-22 19:20:59
2019-06-24,198.5399932861328,200.16000366210935,198.1699981689453,198.5800018310547,196.7692108154297,18220400,AAPL,0.020151378198253134,Bloomberg,2025-10-22 19:20:59
2019-06-25,198.42999267578125,199.25999450683597,195.2899932861328,195.57000732421875,193.7866668701172,21070300,AAPL,-1.4413069884226057,Bloomberg,2025-10-22 19:20:59
2019-06-26,197.7700042724609,200.9900054931641,197.3500061035156,199.8000030517578,197.97808837890625,26067500,AAPL,1.0264442207829678,Bloomberg,2025-10-22 19:20:59
2019-06-27,200.2899932861328,201.57000732421875,199.57000732421875,199.7400054931641,197.91864013671875,20899700,AAPL,-0.2745957418766364,Bloomberg,2025-10-22 19:20:59
2019-06-28,198.67999267578125,199.5,197.0500030517578,197.9199981689453,196.1152191162109,31110600,AAPL,-0.38252191204584207,Bloomberg,2025-10-22 19:20:59
2019-07-01,203.1699981689453,204.4900054931641,200.6499938964844,201.5500030517578,199.71214294433597,27316700,AAPL,-0.797359419101042,Bloomberg,2025-10-22 19:20:59
2019-07-02,201.41000366210935,203.1300048828125,201.3600006103516,202.72999572753903,200.88136291503903,16935200,AAPL,0.6553756225754012,Bloomberg,2025-10-22 19:20:59
2019-07-03,203.27999877929688,204.44000244140625,202.69000244140625,204.41000366210935,202.54605102539065,11362000,AAPL,0.5558859157802973,Bloomberg,2025-10-22 19:20:59
2019-07-05,203.3500061035156,205.0800018310547,202.8999938964844,204.22999572753903,202.36767578125,17265500,AAPL,0.4327462983086795,Bloomberg,2025-10-22 19:20:59
2019-07-08,200.80999755859372,201.3999938964844,198.41000366210935,200.0200042724609,198.19607543945312,25338600,AAPL,-0.3934033642435073,Bloomberg,2025-10-22 19:20:59
2019-07-09,199.1999969482422,201.50999450683597,198.80999755859372,201.2400054931641,199.40496826171875,20578000,AAPL,1.0241006908508918,Bloomberg,2025-10-22 19:20:59
2019-07-10,201.8500061035156,203.72999572753903,201.55999755859372,203.22999572753903,201.37681579589844,17897100,AAPL,0.6836708359155221,Bloomberg,2025-10-22 19:20:59
2019-07-11,203.30999755859372,204.38999938964844,201.7100067138672,201.75,199.91030883789065,20191800,AAPL,-0.7672999740920916,Bloomberg,2025-10-22 19:20:59
2019-07-12,202.4499969482422,204.0,202.1999969482422,203.3000030517578,201.44618225097656,17595200,AAPL,0.41985977590947327,Bloomberg,2025-10-22 19:20:59
2019-07-15,204.08999633789065,205.8699951171875,204.0,205.2100067138672,203.33876037597656,16947400,AAPL,0.5487825939896873,Bloomberg,2025-10-22 19:20:59
2019-07-16,204.58999633789065,206.1100006103516,203.5,204.5,202.63522338867188,16866800,AAPL,-0.04398863067675115,Bloomberg,2025-10-22 19:20:59
2019-07-17,204.0500030517578,205.08999633789065,203.2700042724609,203.3500061035156,201.49571228027344,14107500,AAPL,-0.34305167251806407,Bloomberg,2025-10-22 19:20:59
2019-07-18,204.0,205.8800048828125,203.6999969482422,205.66000366210935,203.7846527099609,18582200,AAPL,0.8137272853477189,Bloomberg,2025-10-22 19:20:59
2019-07-19,205.7899932861328,206.5,202.3600006103516,202.58999633789065,200.74264526367188,20929300,AAPL,-1.554981803120449,Bloomberg,2025-10-22 19:20:59
2019-07-22,203.6499938964844,207.22999572753903,203.6100006103516,207.22000122070312,205.33042907714844,22277900,AAPL,1.7530112601100107,Bloomberg,2025-10-22 19:20:59
2019-07-23,208.4600067138672,208.91000366210935,207.2899932861328,208.83999633789065,206.9356384277344,18355200,AAPL,0.1822841848724685,Bloomberg,2025-10-22 19:20:59
2019-07-24,207.6699981689453,209.1499938964844,207.1699981689453,208.6699981689453,206.7672119140625,14991600,AAPL,0.48153320596000204,Bloomberg,2025-10-22 19:20:59
2019-07-25,208.88999938964844,209.2400054931641,206.72999572753903,207.0200042724609,205.13226318359372,13909600,AAPL,-0.895205669324252,Bloomberg,2025-10-22 19:20:59
2019-07-26,207.47999572753903,209.72999572753903,207.13999938964844,207.7400054931641,205.8456878662109,17618900,AAPL,0.12531799256758203,Bloomberg,2025-10-22 19:20:59
2019-07-29,208.4600067138672,210.63999938964844,208.44000244140625,209.67999267578125,207.7679901123047,21673400,AAPL,0.5852374185081068,Bloomberg,2025-10-22 19:20:59
2019-07-30,208.75999450683597,210.16000366210935,207.30999755859372,208.77999877929688,206.87619018554688,33935700,AAPL,0.009582426224989208,Bloomberg,2025-10-22 19:20:59
2019-07-31,216.4199981689453,221.3699951171875,211.3000030517578,213.0399932861328,211.0973663330078,69281400,AAPL,-1.5617802936001992,Bloomberg,2025-10-22 19:20:59
2019-08-01,213.8999938964844,218.02999877929688,206.7400054931641,208.42999267578125,206.5293731689453,54017900,AAPL,-2.5572703958796406,Bloomberg,2025-10-22 19:20:59
2019-08-02,205.52999877929688,206.42999267578125,201.6300048828125,204.0200042724609,202.15960693359372,40862100,AAPL,-0.7346832656080705,Bloomberg,2025-10-22 19:20:59
2019-08-05,197.9900054931641,198.6499938964844,192.5800018310547,193.33999633789065,191.5769805908203,52393000,AAPL,-2.3486080237691525,Bloomberg,2025-10-22 19:20:59
2019-08-06,196.30999755859372,198.07000732421875,194.0399932861328,197.0,195.20361328125,35824800,AAPL,0.35148614435713066,Bloomberg,2025-10-22 19:20:59
2019-08-07,195.41000366210935,199.55999755859372,193.82000732421875,199.0399932861328,197.2250061035156,33364400,AAPL,1.8576273251088082,Bloomberg,2025-10-22 19:20:59
2019-08-08,200.1999969482422,203.52999877929688,199.38999938964844,203.42999267578125,201.57498168945312,27009500,AAPL,1.6133845038839412,Bloomberg,2025-10-22 19:20:59
2019-08-09,201.3000030517578,202.75999450683597,199.2899932861328,200.9900054931641,199.91392517089844,24619700,AAPL,-0.15399779130356778,Bloomberg,2025-10-22 19:20:59
2019-08-12,199.6199951171875,202.0500030517578,199.1499938964844,200.47999572753903,199.4066467285156,22474900,AAPL,0.4308188715497504,Bloomberg,2025-10-22 19:20:59
2019-08-13,201.0200042724609,212.13999938964844,200.47999572753903,208.97000122070312,207.8512115478516,47218500,AAPL,3.954828762945828,Bloomberg,2025-10-22 19:20:59
2019-08-14,203.16000366210935,206.44000244140625,202.58999633789065,202.75,201.6645050048828,36547400,AAPL,-0.2018131791291235,Bloomberg,2025-10-22 19:20:59
2019-08-15,203.4600067138672,205.13999938964844,199.6699981689453,201.7400054931641,200.659912109375,27227400,AAPL,-0.8453755843633651,Bloomberg,2025-10-22 19:20:59
2019-08-16,204.27999877929688,207.16000366210935,203.83999633789065,206.5,205.39442443847656,27620400,AAPL,1.0867442891957344,Bloomberg,2025-10-22 19:20:59
2019-08-19,210.6199951171875,212.72999572753903,210.02999877929688,210.3500061035156,209.22381591796875,24413600,AAPL,-0.12818774092254792,Bloomberg,2025-10-22 19:20:59
2019-08-20,210.8800048828125,213.3500061035156,210.32000732421875,210.3600006103516,209.2337646484375,26884300,AAPL,-0.2465877562692011,Bloomberg,2025-10-22 19:20:59
2019-08-21,212.9900054931641,213.6499938964844,211.6000061035156,212.63999938964844,211.5015563964844,21535400,AAPL,-0.16432982510387648,Bloomberg,2025-10-22 19:20:59
2019-08-22,213.19000244140625,214.44000244140625,210.75,212.4600067138672,211.3225250244141,22253700,AAPL,-0.3424155538155203,Bloomberg,2025-10-22 19:20:59
2019-08-23,209.42999267578125,212.0500030517578,201.0,202.63999938964844,201.5550994873047,46818000,AAPL,-3.2421303173344453,Bloomberg,2025-10-22 19:20:59
2019-08-26,205.8600006103516,207.19000244140625,205.05999755859372,206.4900054931641,205.3844757080078,26043600,AAPL,0.306035597466534,Bloomberg,2025-10-22 19:20:59
2019-08-27,207.8600006103516,208.5500030517578,203.52999877929688,204.16000366210935,203.06695556640625,25873300,AAPL,-1.7800427871537212,Bloomberg,2025-10-22 19:20:59
2019-08-28,204.1000061035156,205.72000122070312,203.32000732421875,205.52999877929688,204.42962646484372,15938800,AAPL,0.7006333331788406,Bloomberg,2025-10-22 19:20:59
2019-08-29,208.5,209.32000732421875,206.66000366210935,209.00999450683597,207.89097595214844,20990500,AAPL,0.24460168193571508,Bloomberg,2025-10-22 19:20:59
2019-08-30,210.16000366210935,210.4499969482422,207.1999969482422,208.7400054931641,207.6224365234375,21143400,AAPL,-0.6756747926348049,Bloomberg,2025-10-22 19:20:59
2019-09-03,206.42999267578125,206.97999572753903,204.22000122070312,205.6999969482422,204.59869384765625,20023000,AAPL,-0.3536287135782604,Bloomberg,2025-10-22 19:20:59
2019-09-04,208.38999938964844,209.47999572753903,207.32000732421875,209.19000244140625,208.07003784179688,19188100,AAPL,0.383897045971944,Bloomberg,2025-10-22 19:20:59
2019-09-05,212.0,213.97000122070312,211.50999450683597,213.27999877929688,212.13812255859372,23913700,AAPL,0.6037730091022996,Bloomberg,2025-10-22 19:20:59
2019-09-06,214.0500030517578,214.4199981689453,212.50999450683597,213.25999450683597,212.11822509765625,19362300,AAPL,-0.36907663333731444,Bloomberg,2025-10-22 19:20:59
2019-09-09,214.83999633789065,216.44000244140625,211.07000732421875,214.1699981689453,213.0233612060547,27309400,AAPL,-0.31185914185717917,Bloomberg,2025-10-22 19:20:59
2019-09-10,213.8600006103516,216.77999877929688,211.7100067138672,216.6999969482422,215.5398101806641,31777900,AAPL,1.327969854009778,Bloomberg,2025-10-22 19:20:59
2019-09-11,218.07000732421875,223.7100067138672,217.72999572753903,223.58999633789065,222.39292907714844,44289600,AAPL,2.5312921668613417,Bloomberg,2025-10-22 19:20:59
2019-09-12,224.8000030517578,226.4199981689453,222.8600006103516,223.08999633789065,221.8955993652344,32226700,AAPL,-0.7606791328527911,Bloomberg,2025-10-22 19:20:59
2019-09-13,220.0,220.7899932861328,217.0200042724609,218.75,217.57884216308597,39763300,AAPL,-0.5681818181818182,Bloomberg,2025-10-22 19:20:59
2019-09-16,217.72999572753903,220.1300048828125,217.55999755859372,219.8999938964844,218.72268676757807,21158100,AAPL,0.9966464022076414,Bloomberg,2025-10-22 19:20:59
2019-09-17,219.9600067138672,220.82000732421875,219.1199951171875,220.6999969482422,219.51840209960935,18318700,AAPL,0.33642035451363167,Bloomberg,2025-10-22 19:20:59
2019-09-18,221.05999755859372,222.8500061035156,219.44000244140625,222.7700042724609,221.57733154296875,25340000,AAPL,0.7735486893841734,Bloomberg,2025-10-22 19:20:59
2019-09-19,222.00999450683597,223.75999450683597,220.3699951171875,220.9600067138672,219.7770233154297,22060600,AAPL,-0.47294618213075446,Bloomberg,2025-10-22 19:20:59
2019-09-20,221.3800048828125,222.55999755859372,217.47000122070312,217.72999572753903,216.5642852783203,55413100,AAPL,-1.6487528569735095,Bloomberg,2025-10-22 19:20:59
2019-09-23,218.9499969482422,219.83999633789065,217.6499938964844,218.72000122070312,217.5489959716797,19165500,AAPL,-0.10504486446438792,Bloomberg,2025-10-22 19:20:59
2019-09-24,221.02999877929688,222.4900054931641,217.19000244140625,217.67999267578125,216.5145568847656,31190800,AAPL,-1.5156341320259776,Bloomberg,2025-10-22 19:20:59
2019-09-25,218.5500030517578,221.5,217.13999938964844,221.02999877929688,219.8466339111328,21903400,AAPL,1.134749802292037,Bloomberg,2025-10-22 19:20:59
2019-09-26,220.0,220.94000244140625,218.8300018310547,219.88999938964844,218.71273803710935,18833500,AAPL,-0.050000277432528405,Bloomberg,2025-10-22 19:20:59
2019-09-27,220.5399932861328,220.9600067138672,217.27999877929688,218.82000732421875,217.6484832763672,25352000,AAPL,-0.7798975307315439,Bloomberg,2025-10-22 19:20:59
2019-09-30,220.8999938964844,224.5800018310547,220.7899932861328,223.97000122070312,222.77088928222656,25977400,AAPL,1.389772480327615,Bloomberg,2025-10-22 19:20:59
2019-10-01,225.07000732421875,228.22000122070312,224.1999969482422,224.58999633789065,223.3875732421875,34805800,AAPL,-0.21327185795867915,Bloomberg,2025-10-22 19:20:59
2019-10-02,223.05999755859372,223.5800018310547,217.92999267578125,218.9600067138672,217.7877197265625,34612300,AAPL,-1.8380663900301273,Bloomberg,2025-10-22 19:20:59
2019-10-03,218.42999267578125,220.9600067138672,215.1300048828125,220.82000732421875,219.63775634765625,28606500,AAPL,1.0941787888923444,Bloomberg,2025-10-22 19:20:59
2019-10-04,225.63999938964844,227.4900054931641,223.88999938964844,227.00999450683597,225.79461669921875,34619700,AAPL,0.6071596883944943,Bloomberg,2025-10-22 19:20:59
2019-10-07,226.2700042724609,229.92999267578125,225.83999633789065,227.05999755859372,225.84434509277344,30576500,AAPL,0.3491374336925143,Bloomberg,2025-10-22 19:20:59
2019-10-08,225.82000732421875,228.05999755859372,224.3300018310547,224.3999938964844,223.19859313964844,27955000,AAPL,-0.6288253395083708,Bloomberg,2025-10-22 19:20:59
2019-10-09,227.02999877929688,227.7899932861328,225.63999938964844,227.02999877929688,225.81451416015625,18692600,AAPL,0.0,Bloomberg,2025-10-22 19:20:59
2019-10-10,227.92999267578125,230.44000244140625,227.3000030517578,230.08999633789065,228.85812377929688,28253400,AAPL,0.947661006237954,Bloomberg,2025-10-22 19:20:59
2019-10-11,232.9499969482422,237.63999938964844,232.30999755859372,236.2100067138672,234.9453582763672,41698900,AAPL,1.3994461508189342,Bloomberg,2025-10-22 19:20:59
2019-10-14,234.8999938964844,238.1300048828125,234.6699981689453,235.8699951171875,234.607177734375,24106900,AAPL,0.41294220770842427,Bloomberg,2025-10-22 19:20:59
2019-10-15,236.38999938964844,237.6499938964844,234.8800048828125,235.32000732421875,234.0601348876953,21840000,AAPL,-0.45263846532948665,Bloomberg,2025-10-22 19:20:59
2019-10-16,233.3699951171875,235.2400054931641,233.1999969482422,234.3699951171875,233.11520385742188,18475800,AAPL,0.428504101179694,Bloomberg,2025-10-22 19:20:59
2019-10-17,235.08999633789065,236.1499938964844,233.5200042724609,235.27999877929688,234.0203399658203,16896300,AAPL,0.08082115120421136,Bloomberg,2025-10-22 19:20:59
2019-10-18,234.58999633789065,237.5800018310547,234.2899932861328,236.41000366210935,235.1443023681641,24358400,AAPL,0.775824780523571,Bloomberg,2025-10-22 19:20:59
2019-10-21,237.5200042724609,240.9900054931641,237.32000732421875,240.50999450683597,239.2223358154297,21811800,AAPL,1.2588372265879624,Bloomberg,2025-10-22 19:20:59
2019-10-22,241.16000366210935,242.1999969482422,239.6199951171875,239.9600067138672,238.67529296875,20573400,AAPL,-0.49759368469884485,Bloomberg,2025-10-22 19:20:59
2019-10-23,242.1000061035156,243.2400054931641,241.22000122070312,243.17999267578125,241.87803649902344,18957200,AAPL,0.44609109667014196,Bloomberg,2025-10-22 19:20:59
2019-10-24,244.50999450683597,244.8000030517578,241.80999755859372,243.5800018310547,242.27589416503903,17318800,AAPL,-0.3803495548953022,Bloomberg,2025-10-22 19:20:59
2019-10-25,243.16000366210935,246.72999572753903,242.8800048828125,246.5800018310547,245.2598419189453,18369300,AAPL,1.4064805549590742,Bloomberg,2025-10-22 19:20:59
2019-10-28,247.4199981689453,249.25,246.72000122070312,249.0500030517578,247.71661376953125,24143200,AAPL,0.6588007820206543,Bloomberg,2025-10-22 19:20:59
2019-10-29,248.97000122070312,249.75,242.57000732421875,243.2899932861328,241.9874420166016,35709900,AAPL,-2.281402541158035,Bloomberg,2025-10-22 19:20:59
2019-10-30,244.75999450683597,245.3000030517578,241.2100067138672,243.25999450683597,241.9576110839844,31130500,AAPL,-0.612845249903822,Bloomberg,2025-10-22 19:20:59
2019-10-31,247.2400054931641,249.1699981689453,237.25999450683597,248.75999450683597,247.42816162109372,34790500,AAPL,0.614782794006167,Bloomberg,2025-10-22 19:20:59
2019-11-01,249.5399932861328,255.92999267578125,249.16000366210935,255.82000732421875,254.45037841796875,37781300,AAPL,2.5166362936000466,Bloomberg,2025-10-22 19:20:59
2019-11-04,257.3299865722656,257.8500061035156,255.3800048828125,257.5,256.1213684082031,25818000,AAPL,0.06606825345115011,Bloomberg,2025-10-22 19:20:59
2019-11-05,257.04998779296875,258.19000244140625,256.32000732421875,257.1300048828125,255.7533721923828,19974400,AAPL,0.03112899966686509,Bloomberg,2025-10-22 19:20:59
2019-11-06,256.7699890136719,257.489990234375,255.3699951171875,257.239990234375,255.86276245117188,18966100,AAPL,0.1830436736429114,Bloomberg,2025-10-22 19:20:59
2019-11-07,258.739990234375,260.3500061035156,258.1099853515625,259.42999267578125,258.81573486328125,23735100,AAPL,0.26667792666345225,Bloomberg,2025-10-22 19:20:59
2019-11-08,258.69000244140625,260.44000244140625,256.8500061035156,260.1400146484375,259.5240783691406,17496600,AAPL,0.5605211617560213,Bloomberg,2025-10-22 19:20:59
2019-11-11,258.29998779296875,262.4700012207031,258.2799987792969,262.20001220703125,261.5791931152344,20455300,AAPL,1.5098817647596745,Bloomberg,2025-10-22 19:20:59
2019-11-12,261.54998779296875,262.7900085449219,260.9200134277344,261.9599914550781,261.3397521972656,21847200,AAPL,0.1567591975702616,Bloomberg,2025-10-22 19:20:59
2019-11-13,261.1300048828125,264.7799987792969,261.07000732421875,264.4700012207031,263.84381103515625,25683600,AAPL,1.2790549823600383,Bloomberg,2025-10-22 19:20:59
2019-11-14,263.75,264.8800048828125,262.1000061035156,262.6400146484375,262.0181579589844,22295700,AAPL,-0.4208475266587678,Bloomberg,2025-10-22 19:20:59
2019-11-15,263.67999267578125,265.7799987792969,263.010009765625,265.760009765625,265.1307678222656,25051600,AAPL,0.7888414546496602,Bloomberg,2025-10-22 19:20:59
2019-11-18,265.79998779296875,267.42999267578125,264.2300109863281,267.1000061035156,266.46759033203125,21675800,AAPL,0.4890964523141579,Bloomberg,2025-10-22 19:20:59
2019-11-19,267.8999938964844,268.0,265.3900146484375,266.2900085449219,265.6595153808594,19041800,AAPL,-0.6009650572013797,Bloomberg,2025-10-22 19:20:59
2019-11-20,265.5400085449219,266.0799865722656,260.3999938964844,263.19000244140625,262.5668640136719,26558600,AAPL,-0.8849913489093191,Bloomberg,2025-10-22 19:20:59
2019-11-21,263.69000244140625,264.010009765625,261.17999267578125,262.010009765625,261.3896484375,30348800,AAPL,-0.6371089765356409,Bloomberg,2025-10-22 19:20:59
2019-11-22,262.5899963378906,263.17999267578125,260.8399963378906,261.7799987792969,261.1601867675781,16331300,AAPL,-0.3084647434746435,Bloomberg,2025-10-22 19:20:59
2019-11-25,262.7099914550781,266.44000244140625,262.5199890136719,266.3699951171875,265.73931884765625,21005100,AAPL,1.3931726166323652,Bloomberg,2025-10-22 19:20:59
2019-11-26,266.94000244140625,267.1600036621094,262.5,264.2900085449219,263.66424560546875,26301900,AAPL,-0.9927301536853971,Bloomberg,2025-10-22 19:20:59
2019-11-27,265.5799865722656,267.9800109863281,265.3099975585937,267.8399963378906,267.2058410644531,16308900,AAPL,0.8509714134690793,Bloomberg,2025-10-22 19:20:59
2019-11-29,266.6000061035156,268.0,265.8999938964844,267.25,266.61724853515625,11654400,AAPL,0.24380865776574473,Bloomberg,2025-10-22 19:20:59
2019-12-02,267.2699890136719,268.25,263.45001220703125,264.1600036621094,263.5345458984375,23621800,AAPL,-1.1636118828902307,Bloomberg,2025-10-22 19:20:59
2019-12-03,258.3099975585937,259.5299987792969,256.2900085449219,259.45001220703125,258.8357238769531,28607600,AAPL,0.4413358597082414,Bloomberg,2025-10-22 19:20:59
2019-12-04,261.07000732421875,263.3099975585937,260.67999267578125,261.739990234375,261.1202697753906,16795400,AAPL,0.2566295979469632,Bloomberg,2025-10-22 19:20:59
2019-12-05,263.7900085449219,265.8900146484375,262.7300109863281,265.5799865722656,264.951171875,18606100,AAPL,0.6785617230983665,Bloomberg,2025-10-22 19:20:59
2019-12-06,267.4800109863281,271.0,267.29998779296875,270.7099914550781,270.06903076171875,26518900,AAPL,1.207559569344827,Bloomberg,2025-10-22 19:20:59
2019-12-09,270.0,270.79998779296875,264.9100036621094,266.9200134277344,266.2880249023437,32010600,AAPL,-1.140735767505787,Bloomberg,2025-10-22 19:20:59
2019-12-10,268.6000061035156,270.07000732421875,265.8599853515625,268.4800109863281,267.8443298339844,22605100,AAPL,-0.044674279397169905,Bloomberg,2025-10-22 19:20:59
2019-12-11,268.8099975585937,271.1000061035156,268.5,270.7699890136719,270.12890625,19689200,AAPL,0.729136368765806,Bloomberg,2025-10-22 19:20:59
2019-12-12,267.7799987792969,272.5599975585937,267.32000732421875,271.4599914550781,270.8172607421875,34327600,AAPL,1.3742597253554714,Bloomberg,2025-10-22 19:20:59
2019-12-13,271.4599914550781,275.29998779296875,270.92999267578125,275.1499938964844,274.49853515625,33396900,AAPL,1.3593172318422033,Bloomberg,2025-10-22 19:20:59
2019-12-16,277.0,280.7900085449219,276.9800109863281,279.8599853515625,279.1973571777344,32046500,AAPL,1.032485686484657,Bloomberg,2025-10-22 19:20:59
2019-12-17,279.57000732421875,281.7699890136719,278.79998779296875,280.4100036621094,279.74609375,28539600,AAPL,0.3004601051201022,Bloomberg,2025-10-22 19:20:59
2019-12-18,279.79998779296875,281.8999938964844,279.1199951171875,279.739990234375,279.0776672363281,29007100,AAPL,-0.021443016873232943,Bloomberg,2025-10-22 19:20:59
2019-12-19,279.5,281.17999267578125,278.95001220703125,280.0199890136719,279.35699462890625,24592300,AAPL,0.18604258092016995,Bloomberg,2025-10-22 19:20:59
2019-12-20,282.2300109863281,282.6499938964844,278.5599975585937,279.44000244140625,278.77838134765625,68994500,AAPL,-0.9885584226749825,Bloomberg,2025-10-22 19:20:59
2019-12-23,280.5299987792969,284.25,280.3699951171875,284.0,283.3275756835937,24643000,AAPL,1.2369447958516198,Bloomberg,2025-10-22 19:20:59
2019-12-24,284.69000244140625,284.8900146484375,282.9200134277344,284.2699890136719,283.596923828125,12119700,AAPL,-0.1475336064254032,Bloomberg,2025-10-22 19:20:59
2019-12-26,284.82000732421875,289.9800109863281,284.70001220703125,289.9100036621094,289.2236022949219,23280300,AAPL,1.7870922712590682,Bloomberg,2025-10-22 19:20:59
2019-12-27,291.1199951171875,293.9700012207031,288.1199951171875,289.79998779296875,289.11383056640625,36566500,AAPL,-0.45342379306079406,Bloomberg,2025-10-22 19:20:59
2019-12-30,289.4599914550781,292.69000244140625,285.2200012207031,291.5199890136719,290.82977294921875,36028600,AAPL,0.7116691837923463,Bloomberg,2025-10-22 19:20:59
2019-12-31,289.92999267578125,293.67999267578125,289.5199890136719,293.6499938964844,292.9547119140625,25201400,AAPL,1.2830687802841683,Bloomberg,2025-10-22 19:20:59
2019-01-02,1016.5700073242188,1052.3199462890625,1015.7100219726562,1045.8499755859375,1045.8499755859375,1532600,GOOG,2.8802707192580366,Bloomberg,2025-10-22 19:20:59
2019-01-03,1041.0,1056.97998046875,1014.0700073242188,1016.0599975585938,1016.0599975585938,1841100,GOOG,-2.395773529433838,Bloomberg,2025-10-22 19:20:59
2019-01-04,1032.5899658203125,1070.8399658203125,1027.41796875,1070.7099609375,1070.7099609375,2093900,GOOG,3.691687540940234,Bloomberg,2025-10-22 19:20:59
2019-01-07,1071.5,1074.0,1054.760009765625,1068.3900146484375,1068.3900146484375,1981900,GOOG,-0.2902459497491834,Bloomberg,2025-10-22 19:20:59
2019-01-08,1076.1099853515625,1084.56005859375,1060.530029296875,1076.280029296875,1076.280029296875,1764900,GOOG,0.015801725439518813,Bloomberg,2025-10-22 19:20:59
2019-01-09,1081.6500244140625,1082.6300048828125,1066.4000244140625,1074.6600341796875,1074.6600341796875,1199300,GOOG,-0.6462340014425209,Bloomberg,2025-10-22 19:20:59
2019-01-10,1067.6600341796875,1071.1500244140625,1057.7099609375,1070.3299560546875,1070.3299560546875,1456400,GOOG,0.250072287949916,Bloomberg,2025-10-22 19:20:59
2019-01-11,1063.1800537109375,1063.7750244140625,1048.47998046875,1057.18994140625,1057.18994140625,1520800,GOOG,-0.5634146618702573,Bloomberg,2025-10-22 19:20:59
2019-01-14,1046.9200439453125,1051.530029296875,1041.2550048828125,1044.68994140625,1044.68994140625,1144300,GOOG,-0.2130155547178532,Bloomberg,2025-10-22 19:20:59
2019-01-15,1050.1700439453125,1080.050048828125,1047.3399658203125,1077.1500244140625,1077.1500244140625,1463600,GOOG,2.569105891403143,Bloomberg,2025-10-22 19:20:59
2019-01-16,1080.0,1092.375,1079.3399658203125,1080.969970703125,1080.969970703125,1331800,GOOG,0.0898121021412037,Bloomberg,2025-10-22 19:20:59
2019-01-17,1079.469970703125,1091.800048828125,1073.5,1089.9000244140625,1089.9000244140625,1242700,GOOG,0.966219903657326,Bloomberg,2025-10-22 19:20:59
2019-01-18,1100.0,1108.35205078125,1090.9000244140625,1098.260009765625,1098.260009765625,1955600,GOOG,-0.1581809303977273,Bloomberg,2025-10-22 19:20:59
2019-01-22,1088.0,1091.510009765625,1063.469970703125,1070.52001953125,1070.52001953125,1613500,GOOG,-1.6066158519071692,Bloomberg,2025-10-22 19:20:59
2019-01-23,1077.3499755859375,1084.9300537109375,1059.75,1075.5699462890625,1075.5699462890625,967000,GOOG,-0.1652229393616403,Bloomberg,2025-10-22 19:20:59
2019-01-24,1076.47998046875,1079.4749755859375,1060.699951171875,1073.9000244140625,1073.9000244140625,1361300,GOOG,-0.23966595770448662,Bloomberg,2025-10-22 19:20:59
2019-01-25,1085.0,1094.0,1081.8199462890625,1090.989990234375,1090.989990234375,1119100,GOOG,0.5520728326612904,Bloomberg,2025-10-22 19:20:59
2019-01-28,1080.1099853515625,1083.0,1063.800048828125,1070.0799560546875,1070.0799560546875,1284300,GOOG,-0.9286118481360348,Bloomberg,2025-10-22 19:20:59
2019-01-29,1072.6800537109375,1075.1500244140625,1055.864990234375,1060.6199951171875,1060.6199951171875,1021800,GOOG,-1.1242922390537808,Bloomberg,2025-10-22 19:20:59
2019-01-30,1068.4300537109375,1091.0,1066.8499755859375,1089.06005859375,1089.06005859375,1279800,GOOG,1.9308708895972262,Bloomberg,2025-10-22 19:20:59
2019-01-31,1103.0,1117.3299560546875,1095.4100341796875,1116.3699951171875,1116.3699951171875,1538300,GOOG,1.2121482427187218,Bloomberg,2025-10-22 19:20:59
2019-02-01,1112.4000244140625,1125.0,1104.8900146484375,1110.75,1110.75,1462200,GOOG,-0.14833013105439494,Bloomberg,2025-10-22 19:20:59
2019-02-04,1112.6600341796875,1132.800048828125,1109.02001953125,1132.800048828125,1132.800048828125,2576500,GOOG,1.8100780139268504,Bloomberg,2025-10-22 19:20:59
2019-02-05,1124.8399658203125,1146.8499755859375,1117.248046875,1145.989990234375,1145.989990234375,3552200,GOOG,1.8802696433921968,Bloomberg,2025-10-22 19:20:59
2019-02-06,1139.5699462890625,1147.0,1112.77001953125,1115.22998046875,1115.22998046875,2105600,GOOG,-2.135890464606763,Bloomberg,2025-10-22 19:20:59
2019-02-07,1104.1600341796875,1104.8399658203125,1086.0,1098.7099609375,1098.7099609375,2044800,GOOG,-0.493594503829014,Bloomberg,2025-10-22 19:20:59
2019-02-08,1087.0,1098.9100341796875,1086.550048828125,1095.06005859375,1095.06005859375,1075800,GOOG,0.7414957307957681,Bloomberg,2025-10-22 19:20:59
2019-02-11,1096.949951171875,1105.9449462890625,1092.8599853515625,1095.010009765625,1095.010009765625,1065200,GOOG,-0.17684867064149595,Bloomberg,2025-10-22 19:20:59
2019-02-12,1106.800048828125,1125.2950439453125,1105.8499755859375,1121.3699951171875,1121.3699951171875,1609100,GOOG,1.3164027508391507,Bloomberg,2025-10-22 19:20:59
2019-02-13,1124.989990234375,1134.72998046875,1118.5,1120.1600341796875,1120.1600341796875,1049800,GOOG,-0.42933324710571424,Bloomberg,2025-10-22 19:20:59
2019-02-14,1118.050048828125,1128.22998046875,1110.4449462890625,1121.6700439453125,1121.6700439453125,947600,GOOG,0.32377755548436926,Bloomberg,2025-10-22 19:20:59
2019-02-15,1130.0799560546875,1131.6700439453125,1110.6500244140625,1113.6500244140625,1113.6500244140625,1449800,GOOG,-1.4538733788346134,Bloomberg,2025-10-22 19:20:59
2019-02-19,1110.0,1121.8900146484375,1110.0,1118.56005859375,1118.56005859375,1046400,GOOG,0.7711764498873874,Bloomberg,2025-10-22 19:20:59
2019-02-20,1119.989990234375,1123.4100341796875,1105.280029296875,1113.800048828125,1113.800048828125,1087800,GOOG,-0.5526782792902158,Bloomberg,2025-10-22 19:20:59
2019-02-21,1110.8399658203125,1111.93994140625,1092.52001953125,1096.969970703125,1096.969970703125,1415100,GOOG,-1.2486042583951364,Bloomberg,2025-10-22 19:20:59
2019-02-22,1100.9000244140625,1111.239990234375,1095.5999755859375,1110.3699951171875,1110.3699951171875,1049500,GOOG,0.8602026063325096,Bloomberg,2025-10-22 19:20:59
2019-02-25,1116.0,1118.5400390625,1107.27001953125,1109.4000244140625,1109.4000244140625,1413100,GOOG,-0.5913956618223567,Bloomberg,2025-10-22 19:20:59
2019-02-26,1105.75,1119.510009765625,1099.9200439453125,1115.1300048828125,1115.1300048828125,1471300,GOOG,0.8482934553753109,Bloomberg,2025-10-22 19:20:59
2019-02-27,1106.949951171875,1117.97998046875,1101.0,1116.050048828125,1116.050048828125,968400,GOOG,0.8220875430380716,Bloomberg,2025-10-22 19:20:59
2019-02-28,1111.300048828125,1127.6500244140625,1111.010009765625,1119.9200439453125,1119.9200439453125,1542500,GOOG,0.7756676629572145,Bloomberg,2025-10-22 19:20:59
2019-03-01,1124.9000244140625,1142.969970703125,1124.75,1140.989990234375,1140.989990234375,1450300,GOOG,1.4303462948801549,Bloomberg,2025-10-22 19:20:59
2019-03-04,1146.989990234375,1158.280029296875,1130.68994140625,1147.800048828125,1147.800048828125,1446000,GOOG,0.0706247308735862,Bloomberg,2025-10-22 19:20:59
2019-03-05,1150.06005859375,1169.6099853515625,1146.1949462890625,1162.030029296875,1162.030029296875,1443200,GOOG,1.0408126613632185,Bloomberg,2025-10-22 19:20:59
2019-03-06,1162.489990234375,1167.5660400390625,1155.489990234375,1157.8599853515625,1157.8599853515625,1099300,GOOG,-0.3982834193590796,Bloomberg,2025-10-22 19:20:59
2019-03-07,1155.719970703125,1156.7550048828125,1134.9100341796875,1143.300048828125,1143.300048828125,1166600,GOOG,-1.0746480280550903,Bloomberg,2025-10-22 19:20:59
2019-03-08,1126.72998046875,1147.0799560546875,1123.300048828125,1142.3199462890625,1142.3199462890625,1212400,GOOG,1.383647021962321,Bloomberg,2025-10-22 19:20:59
2019-03-11,1144.449951171875,1176.18994140625,1144.449951171875,1175.760009765625,1175.760009765625,1719200,GOOG,2.7358171986192703,Bloomberg,2025-10-22 19:20:59
2019-03-12,1178.260009765625,1200.0,1178.260009765625,1193.199951171875,1193.199951171875,2013100,GOOG,1.2679664320629702,Bloomberg,2025-10-22 19:20:59
2019-03-13,1200.64501953125,1200.9300537109375,1191.93994140625,1193.3199462890625,1193.3199462890625,1435900,GOOG,-0.6100948342789377,Bloomberg,2025-10-22 19:20:59
2019-03-14,1194.510009765625,1197.8800048828125,1184.47998046875,1185.550048828125,1185.550048828125,1172800,GOOG,-0.7500950903925899,Bloomberg,2025-10-22 19:20:59
2019-03-15,1193.3800048828125,1196.5699462890625,1182.6099853515625,1184.4599609375,1184.4599609375,2461800,GOOG,-0.7474604827310166,Bloomberg,2025-10-22 19:20:59
2019-03-18,1183.300048828125,1190.0,1177.4210205078125,1184.260009765625,1184.260009765625,1292600,GOOG,0.0811257413916861,Bloomberg,2025-10-22 19:20:59
2019-03-19,1188.81005859375,1200.0,1185.8699951171875,1198.8499755859375,1198.8499755859375,1520700,GOOG,0.8445349969585363,Bloomberg,2025-10-22 19:20:59
2019-03-20,1197.3499755859375,1227.1400146484375,1196.1700439453125,1223.969970703125,1223.969970703125,2227400,GOOG,2.223242632477667,Bloomberg,2025-10-22 19:20:59
2019-03-21,1216.0,1231.7900390625,1213.1500244140625,1231.5400390625,1231.5400390625,1204000,GOOG,1.277963738692434,Bloomberg,2025-10-22 19:20:59
2019-03-22,1226.3199462890625,1230.0,1202.824951171875,1205.5,1205.5,1714200,GOOG,-1.6977581056285713,Bloomberg,2025-10-22 19:20:59
2019-03-25,1196.9300537109375,1206.39794921875,1187.0400390625,1193.0,1193.0,1496800,GOOG,-0.3283444758323882,Bloomberg,2025-10-22 19:20:59
2019-03-26,1198.530029296875,1202.8299560546875,1176.719970703125,1184.6199951171875,1184.6199951171875,1901200,GOOG,-1.1605912108725307,Bloomberg,2025-10-22 19:20:59
2019-03-27,1185.5,1187.5589599609375,1159.3699951171875,1173.02001953125,1173.02001953125,1400200,GOOG,-1.0527187236398143,Bloomberg,2025-10-22 19:20:59
2019-03-28,1171.5400390625,1171.56494140625,1159.4310302734375,1168.489990234375,1168.489990234375,1012400,GOOG,-0.26034524868358205,Bloomberg,2025-10-22 19:20:59
2019-03-29,1174.9000244140625,1178.989990234375,1162.8800048828125,1173.31005859375,1173.31005859375,1269900,GOOG,-0.13532775447046536,Bloomberg,2025-10-22 19:20:59
2019-04-01,1184.0999755859375,1196.6600341796875,1182.0,1194.4300537109375,1194.4300537109375,1252500,GOOG,0.872399150239682,Bloomberg,2025-10-22 19:20:59
2019-04-02,1195.3199462890625,1201.3499755859375,1185.7099609375,1200.489990234375,1200.489990234375,827900,GOOG,0.43252385784769926,Bloomberg,2025-10-22 19:20:59
2019-04-03,1207.47998046875,1216.300048828125,1200.5,1205.9200439453125,1205.9200439453125,1017800,GOOG,-0.1291894315988514,Bloomberg,2025-10-22 19:20:59
2019-04-04,1205.93994140625,1215.6700439453125,1204.1300048828125,1215.0,1215.0,950000,GOOG,0.7512860535314089,Bloomberg,2025-10-22 19:20:59
2019-04-05,1214.989990234375,1216.219970703125,1205.030029296875,1207.1500244140625,1207.1500244140625,907200,GOOG,-0.6452699926194576,Bloomberg,2025-10-22 19:20:59
2019-04-08,1207.8900146484375,1208.68994140625,1199.8599853515625,1203.8399658203125,1203.8399658203125,860200,GOOG,-0.3352994708962626,Bloomberg,2025-10-22 19:20:59
2019-04-09,1196.0,1202.2900390625,1193.0799560546875,1197.25,1197.25,876400,GOOG,0.10451505016722408,Bloomberg,2025-10-22 19:20:59
2019-04-10,1200.6800537109375,1203.7850341796875,1196.43505859375,1202.1600341796875,1202.1600341796875,724600,GOOG,0.123261851829372,Bloomberg,2025-10-22 19:20:59
2019-04-11,1203.9599609375,1207.9599609375,1200.1300048828125,1204.6199951171875,1204.6199951171875,710200,GOOG,0.054821937697458335,Bloomberg,2025-10-22 19:20:59
2019-04-12,1210.0,1218.3499755859375,1208.1099853515625,1217.8699951171875,1217.8699951171875,933400,GOOG,0.6504128196022727,Bloomberg,2025-10-22 19:20:59
2019-04-15,1218.0,1224.199951171875,1209.1099853515625,1221.0999755859375,1221.0999755859375,1187400,GOOG,0.25451359490455666,Bloomberg,2025-10-22 19:20:59
2019-04-16,1225.0,1230.8199462890625,1220.1199951171875,1227.1300048828125,1227.1300048828125,856300,GOOG,0.17387794961734696,Bloomberg,2025-10-22 19:20:59
2019-04-17,1233.0,1240.56005859375,1227.8199462890625,1236.3399658203125,1236.3399658203125,1221900,GOOG,0.2708812506336172,Bloomberg,2025-10-22 19:20:59
2019-04-18,1239.1800537109375,1242.0,1234.6099853515625,1236.3699951171875,1236.3699951171875,1331800,GOOG,-0.22676757791047372,Bloomberg,2025-10-22 19:20:59
2019-04-22,1235.989990234375,1249.0899658203125,1228.31005859375,1248.8399658203125,1248.8399658203125,807300,GOOG,1.0396504573229448,Bloomberg,2025-10-22 19:20:59
2019-04-23,1250.68994140625,1269.0,1246.3800048828125,1264.550048828125,1264.550048828125,1319900,GOOG,1.1081969209963407,Bloomberg,2025-10-22 19:20:59
2019-04-24,1264.1199951171875,1268.010009765625,1255.0,1256.0,1256.0,1018800,GOOG,-0.6423436974774498,Bloomberg,2025-10-22 19:20:59
2019-04-25,1264.77001953125,1267.407958984375,1252.030029296875,1263.449951171875,1263.449951171875,1107300,GOOG,-0.10437220514321209,Bloomberg,2025-10-22 19:20:59
2019-04-26,1269.0,1273.0699462890625,1260.3199462890625,1272.1800537109375,1272.1800537109375,1241400,GOOG,0.2505952490888495,Bloomberg,2025-10-22 19:20:59
2019-04-29,1274.0,1289.27001953125,1266.2950439453125,1287.5799560546875,1287.5799560546875,2499400,GOOG,1.0659306165374804,Bloomberg,2025-10-22 19:20:59
2019-04-30,1185.0,1192.81005859375,1175.0,1188.47998046875,1188.47998046875,6207000,GOOG,0.2936692378691983,Bloomberg,2025-10-22 19:20:59
2019-05-01,1188.050048828125,1188.050048828125,1167.1800537109375,1168.0799560546875,1168.0799560546875,2639200,GOOG,-1.6809134255863802,Bloomberg,2025-10-22 19:20:59
2019-05-02,1167.760009765625,1174.18994140625,1155.001953125,1162.6099853515625,1162.6099853515625,1944800,GOOG,-0.4410173640983077,Bloomberg,2025-10-22 19:20:59
2019-05-03,1173.6500244140625,1186.800048828125,1169.0,1185.4000244140625,1185.4000244140625,1980700,GOOG,1.001150236917186,Bloomberg,2025-10-22 19:20:59
2019-05-06,1166.260009765625,1190.8499755859375,1166.260009765625,1189.3900146484375,1189.3900146484375,1563900,GOOG,1.98326313936296,Bloomberg,2025-10-22 19:20:59
2019-05-07,1180.469970703125,1190.43994140625,1161.0400390625,1174.0999755859375,1174.0999755859375,1551400,GOOG,-0.5396151766057489,Bloomberg,2025-10-22 19:20:59
2019-05-08,1172.010009765625,1180.4239501953125,1165.739990234375,1166.27001953125,1166.27001953125,1309300,GOOG,-0.48975607601874205,Bloomberg,2025-10-22 19:20:59
2019-05-09,1159.030029296875,1169.6600341796875,1150.8499755859375,1162.3800048828125,1162.3800048828125,1185700,GOOG,0.28903268261045495,Bloomberg,2025-10-22 19:20:59
2019-05-10,1163.5899658203125,1172.5999755859375,1142.5,1164.27001953125,1164.27001953125,1314500,GOOG,0.058444446146291136,Bloomberg,2025-10-22 19:20:59
2019-05-13,1141.9599609375,1147.93994140625,1122.1099853515625,1132.030029296875,1132.030029296875,1860600,GOOG,-0.8695516463180506,Bloomberg,2025-10-22 19:20:59
2019-05-14,1137.2099609375,1140.4200439453125,1119.550048828125,1120.43994140625,1120.43994140625,1836600,GOOG,-1.4746634401113607,Bloomberg,2025-10-22 19:20:59
2019-05-15,1117.8699951171875,1171.3299560546875,1116.666015625,1164.2099609375,1164.2099609375,2289300,GOOG,4.145380591904574,Bloomberg,2025-10-22 19:20:59
2019-05-16,1164.510009765625,1188.1600341796875,1162.8399658203125,1178.97998046875,1178.97998046875,1531400,GOOG,1.2425801909626606,Bloomberg,2025-10-22 19:20:59
2019-05-17,1168.469970703125,1180.1500244140625,1160.010009765625,1162.300048828125,1162.300048828125,1208600,GOOG,-0.5280342695745326,Bloomberg,2025-10-22 19:20:59
2019-05-20,1144.5,1146.7969970703125,1131.4429931640625,1138.8499755859375,1138.8499755859375,1353300,GOOG,-0.4936674892147226,Bloomberg,2025-10-22 19:20:59
2019-05-21,1148.489990234375,1152.7080078125,1137.93994140625,1149.6300048828125,1149.6300048828125,1159800,GOOG,0.09926204478324227,Bloomberg,2025-10-22 19:20:59
2019-05-22,1146.75,1158.52001953125,1145.8900146484375,1151.4200439453125,1151.4200439453125,914500,GOOG,0.4072416782483104,Bloomberg,2025-10-22 19:20:59
2019-05-23,1140.5,1145.9730224609375,1129.2239990234375,1140.77001953125,1140.77001953125,1198900,GOOG,0.023675539785181936,Bloomberg,2025-10-22 19:20:59
2019-05-24,1147.3599853515625,1149.7650146484375,1131.6600341796875,1133.469970703125,1133.469970703125,1112000,GOOG,-1.210606507615085,Bloomberg,2025-10-22 19:20:59
2019-05-28,1134.0,1151.5870361328125,1133.1199951171875,1134.1500244140625,1134.1500244140625,1365000,GOOG,0.013229666143077601,Bloomberg,2025-10-22 19:20:59
2019-05-29,1127.52001953125,1129.0999755859375,1108.219970703125,1116.4599609375,1116.4599609375,1538200,GOOG,-0.9809190437565852,Bloomberg,2025-10-22 19:20:59
2019-05-30,1115.5400390625,1123.1300048828125,1112.1199951171875,1117.949951171875,1117.949951171875,951900,GOOG,0.21603098275166263,Bloomberg,2025-10-22 19:20:59
2019-05-31,1101.2900390625,1109.5999755859375,1100.1800537109375,1103.6300048828125,1103.6300048828125,1507800,GOOG,0.21247498273065765,Bloomberg,2025-10-22 19:20:59
2019-06-03,1065.5,1065.5,1025.0,1036.22998046875,1036.22998046875,5130600,GOOG,-2.747068937705303,Bloomberg,2025-10-22 19:20:59
2019-06-04,1042.9000244140625,1056.050048828125,1033.68994140625,1053.050048828125,1053.050048828125,2833500,GOOG,0.9732499929478031,Bloomberg,2025-10-22 19:20:59
2019-06-05,1051.5400390625,1053.550048828125,1030.489990234375,1042.219970703125,1042.219970703125,2168400,GOOG,-0.8863255808770062,Bloomberg,2025-10-22 19:20:59
2019-06-06,1044.989990234375,1047.489990234375,1033.699951171875,1044.3399658203125,1044.3399658203125,1703200,GOOG,-0.062203889045550534,Bloomberg,2025-10-22 19:20:59
2019-06-07,1050.6300048828125,1070.9200439453125,1048.4000244140625,1066.0400390625,1066.0400390625,1802400,GOOG,1.4667422506561993,Bloomberg,2025-10-22 19:20:59
2019-06-10,1072.97998046875,1092.6600341796875,1072.322021484375,1080.3800048828125,1080.3800048828125,1464200,GOOG,0.6896703152681068,Bloomberg,2025-10-22 19:20:59
2019-06-11,1093.97998046875,1101.989990234375,1077.60302734375,1078.719970703125,1078.719970703125,1436700,GOOG,-1.39490758862757,Bloomberg,2025-10-22 19:20:59
2019-06-12,1078.0,1080.9300537109375,1067.5400390625,1077.030029296875,1077.030029296875,1061000,GOOG,-0.08997872941790352,Bloomberg,2025-10-22 19:20:59
2019-06-13,1083.6400146484375,1094.1700439453125,1080.1500244140625,1088.77001953125,1088.77001953125,1057700,GOOG,0.47340489585711854,Bloomberg,2025-10-22 19:20:59
2019-06-14,1086.4200439453125,1092.68994140625,1080.1719970703125,1085.3499755859375,1085.3499755859375,1111500,GOOG,-0.09849490216409008,Bloomberg,2025-10-22 19:20:59
2019-06-17,1086.280029296875,1099.1800537109375,1086.280029296875,1092.5,1092.5,941600,GOOG,0.5725936715554873,Bloomberg,2025-10-22 19:20:59
2019-06-18,1109.68994140625,1116.3900146484375,1098.989990234375,1103.5999755859375,1103.5999755859375,1386700,GOOG,-0.5487988665189679,Bloomberg,2025-10-22 19:20:59
2019-06-19,1105.5999755859375,1107.0,1093.47998046875,1102.3299560546875,1102.3299560546875,1338800,GOOG,-0.2957687774474651,Bloomberg,2025-10-22 19:20:59
2019-06-20,1119.989990234375,1120.1199951171875,1104.739990234375,1111.4200439453125,1111.4200439453125,1262000,GOOG,-0.7651806144507691,Bloomberg,2025-10-22 19:20:59
2019-06-21,1109.239990234375,1124.1099853515625,1108.0799560546875,1121.8800048828125,1121.8800048828125,1947600,GOOG,1.1395202805270976,Bloomberg,2025-10-22 19:20:59
2019-06-24,1119.6099853515625,1122.0,1111.010009765625,1115.52001953125,1115.52001953125,1395600,GOOG,-0.36530272807706626,Bloomberg,2025-10-22 19:20:59
2019-06-25,1112.6600341796875,1114.3499755859375,1083.800048828125,1086.3499755859375,1086.3499755859375,1546900,GOOG,-2.3646089358415017,Bloomberg,2025-10-22 19:20:59
2019-06-26,1086.5,1092.969970703125,1072.239990234375,1079.800048828125,1079.800048828125,1810900,GOOG,-0.6166545027036355,Bloomberg,2025-10-22 19:20:59
2019-06-27,1084.0,1087.0999755859375,1075.2900390625,1076.010009765625,1076.010009765625,1004300,GOOG,-0.7370839699607934,Bloomberg,2025-10-22 19:20:59
2019-06-28,1076.3900146484375,1081.0,1073.3699951171875,1080.9100341796875,1080.9100341796875,1693200,GOOG,0.41992395597670934,Bloomberg,2025-10-22 19:20:59
2019-07-01,1098.0,1107.5799560546875,1093.7030029296875,1097.949951171875,1097.949951171875,1436300,GOOG,-0.004558181067850638,Bloomberg,2025-10-22 19:20:59
2019-07-02,1102.239990234375,1111.77001953125,1098.1700439453125,1111.25,1111.25,991600,GOOG,0.8174272250555121,Bloomberg,2025-10-22 19:20:59
2019-07-03,1117.4100341796875,1126.760009765625,1113.8599853515625,1121.5799560546875,1121.5799560546875,767000,GOOG,0.3731774145075779,Bloomberg,2025-10-22 19:20:59
2019-07-05,1117.800048828125,1132.8800048828125,1116.1400146484375,1131.5899658203125,1131.5899658203125,1264300,GOOG,1.233665806925355,Bloomberg,2025-10-22 19:20:59
2019-07-08,1125.1700439453125,1125.97998046875,1111.2099609375,1116.3499755859375,1116.3499755859375,1236400,GOOG,-0.7838875916433204,Bloomberg,2025-10-22 19:20:59
2019-07-09,1111.800048828125,1128.0250244140625,1107.1700439453125,1124.8299560546875,1124.8299560546875,1330400,GOOG,1.1719649806002854,Bloomberg,2025-10-22 19:20:59
2019-07-10,1131.219970703125,1142.050048828125,1130.969970703125,1140.47998046875,1140.47998046875,1209500,GOOG,0.8185861287322673,Bloomberg,2025-10-22 19:20:59
2019-07-11,1143.25,1153.0699462890625,1139.5799560546875,1144.2099609375,1144.2099609375,1195500,GOOG,0.08396771812814345,Bloomberg,2025-10-22 19:20:59
2019-07-12,1143.989990234375,1147.3399658203125,1138.780029296875,1144.9000244140625,1144.9000244140625,864000,GOOG,0.07954913831903868,Bloomberg,2025-10-22 19:20:59
2019-07-15,1146.8599853515625,1150.8199462890625,1139.4000244140625,1150.3399658203125,1150.3399658203125,903800,GOOG,0.30343551202401003,Bloomberg,2025-10-22 19:20:59
2019-07-16,1146.0,1158.5799560546875,1145.0,1153.5799560546875,1153.5799560546875,1238800,GOOG,0.6614272299029232,Bloomberg,2025-10-22 19:20:59
2019-07-17,1150.969970703125,1158.3599853515625,1145.77001953125,1146.3499755859375,1146.3499755859375,1170000,GOOG,-0.40140014377309563,Bloomberg,2025-10-22 19:20:59
2019-07-18,1141.739990234375,1147.60498046875,1132.72998046875,1146.3299560546875,1146.3299560546875,1291300,GOOG,0.40201498235778504,Bloomberg,2025-10-22 19:20:59
2019-07-19,1148.18994140625,1151.1400146484375,1129.6199951171875,1130.0999755859375,1130.0999755859375,1647200,GOOG,-1.5755203183679476,Bloomberg,2025-10-22 19:20:59
2019-07-22,1133.449951171875,1139.25,1124.239990234375,1138.0699462890625,1138.0699462890625,1301500,GOOG,0.40760468624228907,Bloomberg,2025-10-22 19:20:59
2019-07-23,1144.0,1146.9000244140625,1131.800048828125,1146.2099609375,1146.2099609375,1093700,GOOG,0.19317840362762237,Bloomberg,2025-10-22 19:20:59
2019-07-24,1131.9000244140625,1144.0,1126.989990234375,1137.81005859375,1137.81005859375,1589800,GOOG,0.5221339387060159,Bloomberg,2025-10-22 19:20:59
2019-07-25,1137.8199462890625,1141.699951171875,1120.9200439453125,1132.1199951171875,1132.1199951171875,2209800,GOOG,-0.5009537045351578,Bloomberg,2025-10-22 19:20:59
2019-07-26,1224.0400390625,1265.550048828125,1224.0,1250.4100341796875,1250.4100341796875,4805800,GOOG,2.154340893732892,Bloomberg,2025-10-22 19:20:59
2019-07-29,1241.050048828125,1247.3699951171875,1228.22998046875,1239.4100341796875,1239.4100341796875,2223700,GOOG,-0.1321473416794191,Bloomberg,2025-10-22 19:20:59
2019-07-30,1225.4100341796875,1234.8699951171875,1223.300048828125,1225.1400146484375,1225.1400146484375,1453300,GOOG,-0.022035035108126575,Bloomberg,2025-10-22 19:20:59
2019-07-31,1223.0,1234.0,1207.7640380859375,1216.6800537109375,1216.6800537109375,1725500,GOOG,-0.5167576687704415,Bloomberg,2025-10-22 19:20:59
2019-08-01,1214.030029296875,1234.1099853515625,1205.719970703125,1209.010009765625,1209.010009765625,1698500,GOOG,-0.4135004415135781,Bloomberg,2025-10-22 19:20:59
2019-08-02,1200.739990234375,1206.9000244140625,1188.93994140625,1193.989990234375,1193.989990234375,1645100,GOOG,-0.5621533433464188,Bloomberg,2025-10-22 19:20:59
2019-08-05,1170.0400390625,1175.239990234375,1140.1400146484375,1152.3199462890625,1152.3199462890625,2597500,GOOG,-1.5144860160200848,Bloomberg,2025-10-22 19:20:59
2019-08-06,1163.31005859375,1179.9599609375,1160.0,1169.949951171875,1169.949951171875,1709400,GOOG,0.5707758244737895,Bloomberg,2025-10-22 19:20:59
2019-08-07,1156.0,1178.4449462890625,1149.6240234375,1173.989990234375,1173.989990234375,1444300,GOOG,1.556227528925173,Bloomberg,2025-10-22 19:20:59
2019-08-08,1182.8299560546875,1205.010009765625,1173.02001953125,1204.800048828125,1204.800048828125,1468000,GOOG,1.8574176838333072,Bloomberg,2025-10-22 19:20:59
2019-08-09,1197.989990234375,1203.8800048828125,1183.60302734375,1188.010009765625,1188.010009765625,1065700,GOOG,-0.833060422048895,Bloomberg,2025-10-22 19:20:59
2019-08-12,1179.2099609375,1184.9599609375,1167.6719970703125,1174.7099609375,1174.7099609375,1003000,GOOG,-0.38161143045487783,Bloomberg,2025-10-22 19:20:59
2019-08-13,1171.4599609375,1204.780029296875,1171.4599609375,1197.27001953125,1197.27001953125,1294400,GOOG,2.20323864702082,Bloomberg,2025-10-22 19:20:59
2019-08-14,1176.31005859375,1182.300048828125,1160.5400390625,1164.2900390625,1164.2900390625,1578700,GOOG,-1.021841090572637,Bloomberg,2025-10-22 19:20:59
2019-08-15,1163.5,1175.8399658203125,1162.1099853515625,1167.260009765625,1167.260009765625,1218700,GOOG,0.3231637099806618,Bloomberg,2025-10-22 19:20:59
2019-08-16,1179.550048828125,1182.719970703125,1171.81005859375,1177.5999755859375,1177.5999755859375,1313300,GOOG,-0.16532348450367873,Bloomberg,2025-10-22 19:20:59
2019-08-19,1190.0899658203125,1206.989990234375,1190.0899658203125,1198.449951171875,1198.449951171875,1231600,GOOG,0.7024666698874382,Bloomberg,2025-10-22 19:20:59
2019-08-20,1195.25,1196.06005859375,1182.1099853515625,1182.68994140625,1182.68994140625,915500,GOOG,-1.050831089207279,Bloomberg,2025-10-22 19:20:59
2019-08-21,1193.1500244140625,1199.0,1187.4300537109375,1191.25,1191.25,740700,GOOG,-0.1592443846276224,Bloomberg,2025-10-22 19:20:59
2019-08-22,1194.0699462890625,1198.011962890625,1178.5799560546875,1189.530029296875,1189.530029296875,947500,GOOG,-0.38020528079587634,Bloomberg,2025-10-22 19:20:59
2019-08-23,1181.989990234375,1194.0799560546875,1147.75,1151.2900390625,1151.2900390625,1687000,GOOG,-2.597310588542933,Bloomberg,2025-10-22 19:20:59
2019-08-26,1157.260009765625,1169.469970703125,1152.9599609375,1168.8900146484375,1168.8900146484375,1226100,GOOG,1.004960405152847,Bloomberg,2025-10-22 19:20:59
2019-08-27,1180.530029296875,1182.4000244140625,1161.449951171875,1167.8399658203125,1167.8399658203125,1077200,GOOG,-1.0749462666460687,Bloomberg,2025-10-22 19:20:59
2019-08-28,1161.7099609375,1176.4200439453125,1157.300048828125,1171.02001953125,1171.02001953125,802000,GOOG,0.8014098963425245,Bloomberg,2025-10-22 19:20:59
2019-08-29,1181.1199951171875,1196.06005859375,1181.1199951171875,1192.8499755859375,1192.8499755859375,1088400,GOOG,0.9931235198152906,Bloomberg,2025-10-22 19:20:59
2019-08-30,1198.5,1198.5,1183.802978515625,1188.0999755859375,1188.0999755859375,1129800,GOOG,-0.8677533929130163,Bloomberg,2025-10-22 19:20:59
2019-09-03,1177.030029296875,1186.8900146484375,1163.199951171875,1168.3900146484375,1168.3900146484375,1479900,GOOG,-0.7340521850235889,Bloomberg,2025-10-22 19:20:59
2019-09-04,1176.7099609375,1183.47998046875,1171.0,1181.4100341796875,1181.4100341796875,1068900,GOOG,0.39942495586957477,Bloomberg,2025-10-22 19:20:59
2019-09-05,1191.530029296875,1213.0400390625,1191.530029296875,1211.3800048828125,1211.3800048828125,1408100,GOOG,1.6659232329755906,Bloomberg,2025-10-22 19:20:59
2019-09-06,1208.1300048828125,1212.0150146484375,1202.52197265625,1204.9300537109375,1204.9300537109375,1072100,GOOG,-0.2648681150987051,Bloomberg,2025-10-22 19:20:59
2019-09-09,1204.0,1220.0,1192.6199951171875,1204.4100341796875,1204.4100341796875,1471900,GOOG,0.03405599499065615,Bloomberg,2025-10-22 19:20:59
2019-09-10,1195.1500244140625,1210.0,1194.5799560546875,1206.0,1206.0,1260100,GOOG,0.9078337751996315,Bloomberg,2025-10-22 19:20:59
2019-09-11,1203.4100341796875,1222.5999755859375,1202.199951171875,1220.1700439453125,1220.1700439453125,1307000,GOOG,1.3927098237176967,Bloomberg,2025-10-22 19:20:59
2019-09-12,1224.300048828125,1241.8599853515625,1223.02001953125,1234.25,1234.25,1725900,GOOG,0.8127052826142489,Bloomberg,2025-10-22 19:20:59
2019-09-13,1231.3499755859375,1240.8800048828125,1227.010009765625,1239.56005859375,1239.56005859375,1301400,GOOG,0.6667546327684568,Bloomberg,2025-10-22 19:20:59
2019-09-16,1229.52001953125,1239.56005859375,1225.6099853515625,1231.300048828125,1231.300048828125,1053300,GOOG,0.14477432401252235,Bloomberg,2025-10-22 19:20:59
2019-09-17,1230.4000244140625,1235.0,1223.68994140625,1229.1500244140625,1229.1500244140625,955100,GOOG,-0.10159297587752174,Bloomberg,2025-10-22 19:20:59
2019-09-18,1227.510009765625,1235.6099853515625,1216.530029296875,1232.4100341796875,1232.4100341796875,1135100,GOOG,0.3991840697900368,Bloomberg,2025-10-22 19:20:59
2019-09-19,1232.06005859375,1244.43994140625,1232.02001953125,1238.7099609375,1238.7099609375,996000,GOOG,0.5397384889937973,Bloomberg,2025-10-22 19:20:59
2019-09-20,1233.1199951171875,1243.3199462890625,1223.0799560546875,1229.9300537109375,1229.9300537109375,2270000,GOOG,-0.2586886449722072,Bloomberg,2025-10-22 19:20:59
2019-09-23,1226.0,1239.0899658203125,1224.1700439453125,1234.030029296875,1234.030029296875,1062400,GOOG,0.6549779198103589,Bloomberg,2025-10-22 19:20:59
2019-09-24,1240.0,1246.739990234375,1210.6800537109375,1218.760009765625,1218.760009765625,1583200,GOOG,-1.7129024382560483,Bloomberg,2025-10-22 19:20:59
2019-09-25,1215.8199462890625,1248.300048828125,1210.0899658203125,1246.52001953125,1246.52001953125,1453000,GOOG,2.5250509613607313,Bloomberg,2025-10-22 19:20:59
2019-09-26,1241.9599609375,1245.0,1232.2679443359375,1241.3900146484375,1241.3900146484375,1538000,GOOG,-0.045890874664934696,Bloomberg,2025-10-22 19:20:59
2019-09-27,1243.010009765625,1244.02001953125,1214.449951171875,1225.0899658203125,1225.0899658203125,1353900,GOOG,-1.4416652967011425,Bloomberg,2025-10-22 19:20:59
2019-09-30,1220.969970703125,1226.0,1212.300048828125,1219.0,1219.0,1404100,GOOG,-0.1613447300420128,Bloomberg,2025-10-22 19:20:59
2019-10-01,1219.0,1231.22998046875,1203.5799560546875,1205.0999755859375,1205.0999755859375,1273500,GOOG,-1.1402809199394994,Bloomberg,2025-10-22 19:20:59
2019-10-02,1196.97998046875,1196.97998046875,1171.2900390625,1176.6300048828125,1176.6300048828125,1615100,GOOG,-1.7001099365060588,Bloomberg,2025-10-22 19:20:59
2019-10-03,1180.0,1189.06005859375,1162.4300537109375,1187.8299560546875,1187.8299560546875,1621200,GOOG,0.6635555978548728,Bloomberg,2025-10-22 19:20:59
2019-10-04,1191.8900146484375,1211.43994140625,1189.1700439453125,1209.0,1209.0,1162400,GOOG,1.4355339117938075,Bloomberg,2025-10-22 19:20:59
2019-10-07,1204.4000244140625,1218.2039794921875,1203.75,1207.6800537109375,1207.6800537109375,842900,GOOG,0.272337199467488,Bloomberg,2025-10-22 19:20:59
2019-10-08,1197.5899658203125,1206.0799560546875,1189.010009765625,1189.1300048828125,1189.1300048828125,1039300,GOOG,-0.7064154826735866,Bloomberg,2025-10-22 19:20:59
2019-10-09,1199.3499755859375,1208.3499755859375,1197.6300048828125,1202.31005859375,1202.31005859375,867700,GOOG,0.24680727628033375,Bloomberg,2025-10-22 19:20:59
2019-10-10,1198.5799560546875,1215.0,1197.3399658203125,1208.6700439453125,1208.6700439453125,846600,GOOG,0.8418368620011046,Bloomberg,2025-10-22 19:20:59
2019-10-11,1222.2099609375,1228.3900146484375,1213.739990234375,1215.449951171875,1215.449951171875,1272700,GOOG,-0.5530972567462724,Bloomberg,2025-10-22 19:20:59
2019-10-14,1212.3399658203125,1226.3299560546875,1211.760009765625,1217.1400146484375,1217.1400146484375,867500,GOOG,0.3959325736553703,Bloomberg,2025-10-22 19:20:59
2019-10-15,1220.4000244140625,1247.3299560546875,1220.4000244140625,1243.010009765625,1243.010009765625,1381700,GOOG,1.8526700179654607,Bloomberg,2025-10-22 19:20:59
2019-10-16,1241.1700439453125,1254.739990234375,1238.449951171875,1243.6400146484375,1243.6400146484375,1094600,GOOG,0.1990034093373454,Bloomberg,2025-10-22 19:20:59
2019-10-17,1250.9300537109375,1263.324951171875,1249.93994140625,1253.0699462890625,1253.0699462890625,952400,GOOG,0.1710641271889597,Bloomberg,2025-10-22 19:20:59
2019-10-18,1253.4599609375,1258.8900146484375,1241.0799560546875,1245.489990234375,1245.489990234375,1352800,GOOG,-0.6358376774288045,Bloomberg,2025-10-22 19:20:59
2019-10-21,1252.260009765625,1254.6290283203125,1240.5999755859375,1246.1500244140625,1246.1500244140625,1027200,GOOG,-0.4879166709720335,Bloomberg,2025-10-22 19:20:59
2019-10-22,1247.8499755859375,1250.5999755859375,1241.3800048828125,1242.800048828125,1242.800048828125,1023800,GOOG,-0.40469021570010993,Bloomberg,2025-10-22 19:20:59
2019-10-23,1242.3599853515625,1259.8900146484375,1242.3599853515625,1259.1300048828125,1259.1300048828125,911500,GOOG,1.3498518729661457,Bloomberg,2025-10-22 19:20:59
2019-10-24,1260.9000244140625,1264.0,1253.7149658203125,1260.989990234375,1260.989990234375,1028100,GOOG,0.007135047868232608,Bloomberg,2025-10-22 19:20:59
2019-10-25,1251.030029296875,1269.5999755859375,1250.010009765625,1265.1300048828125,1265.1300048828125,1213100,GOOG,1.1270693153434699,Bloomberg,2025-10-22 19:20:59
2019-10-28,1275.449951171875,1299.31005859375,1272.5400390625,1290.0,1290.0,2613200,GOOG,1.140777716503616,Bloomberg,2025-10-22 19:20:59
2019-10-29,1276.22998046875,1281.5899658203125,1257.2120361328125,1262.6199951171875,1262.6199951171875,1886400,GOOG,-1.0664210651565835,Bloomberg,2025-10-22 19:20:59
2019-10-30,1252.969970703125,1269.3599853515625,1252.0,1261.2900390625,1261.2900390625,1408900,GOOG,0.6640277543687704,Bloomberg,2025-10-22 19:20:59
2019-10-31,1261.280029296875,1267.6700439453125,1250.843017578125,1260.1099853515625,1260.1099853515625,1455700,GOOG,-0.09276638955147523,Bloomberg,2025-10-22 19:20:59
2019-11-01,1265.0,1274.6199951171875,1260.5,1273.739990234375,1273.739990234375,1670100,GOOG,0.6909083189229249,Bloomberg,2025-10-22 19:20:59
2019-11-04,1276.449951171875,1294.1300048828125,1276.35498046875,1291.3699951171875,1291.3699951171875,1501000,GOOG,1.1688702664459976,Bloomberg,2025-10-22 19:20:59
2019-11-05,1292.8900146484375,1298.9300537109375,1291.22900390625,1292.030029296875,1292.030029296875,1282700,GOOG,-0.06651651275969883,Bloomberg,2025-10-22 19:20:59
2019-11-06,1289.4599609375,1293.72998046875,1282.5,1291.800048828125,1291.800048828125,1152700,GOOG,0.18147813515075276,Bloomberg,2025-10-22 19:20:59
2019-11-07,1294.280029296875,1323.739990234375,1294.2449951171875,1308.8599853515625,1308.8599853515625,2030000,GOOG,1.1264916188661387,Bloomberg,2025-10-22 19:20:59
2019-11-08,1305.280029296875,1318.0,1304.364990234375,1311.3699951171875,1311.3699951171875,1251400,GOOG,0.4665639313881963,Bloomberg,2025-10-22 19:20:59
2019-11-11,1303.1800537109375,1306.425048828125,1297.4100341796875,1299.18994140625,1299.18994140625,1011900,GOOG,-0.30618273302489935,Bloomberg,2025-10-22 19:20:59
2019-11-12,1300.0,1310.0,1295.77001953125,1298.800048828125,1298.800048828125,1085900,GOOG,-0.09230393629807693,Bloomberg,2025-10-22 19:20:59
2019-11-13,1294.0699462890625,1304.300048828125,1293.510009765625,1298.0,1298.0,826700,GOOG,0.3036971627544177,Bloomberg,2025-10-22 19:20:59
2019-11-14,1297.5,1317.0,1295.6500244140625,1311.4599609375,1311.4599609375,1193500,GOOG,1.075912210982659,Bloomberg,2025-10-22 19:20:59
2019-11-15,1318.93994140625,1334.8800048828125,1314.280029296875,1334.8699951171875,1334.8699951171875,1782600,GOOG,1.2077921981764326,Bloomberg,2025-10-22 19:20:59
2019-11-18,1332.219970703125,1335.529052734375,1317.5,1320.699951171875,1320.699951171875,1487400,GOOG,-0.8647235279898944,Bloomberg,2025-10-22 19:20:59
2019-11-19,1327.699951171875,1327.699951171875,1312.800048828125,1315.4599609375,1315.4599609375,1269200,GOOG,-0.9218943047765839,Bloomberg,2025-10-22 19:20:59
2019-11-20,1311.739990234375,1315.0,1291.1500244140625,1303.050048828125,1303.050048828125,1308600,GOOG,-0.6624743829527775,Bloomberg,2025-10-22 19:20:59
2019-11-21,1301.47998046875,1312.5899658203125,1293.0,1301.3499755859375,1301.3499755859375,995500,GOOG,-0.009989003654568436,Bloomberg,2025-10-22 19:20:59
2019-11-22,1305.6199951171875,1308.72998046875,1291.4100341796875,1295.3399658203125,1295.3399658203125,1385700,GOOG,-0.7873676364731458,Bloomberg,2025-10-22 19:20:59
2019-11-25,1299.1800537109375,1311.31005859375,1298.1300048828125,1306.68994140625,1306.68994140625,1036200,GOOG,0.5780482600438246,Bloomberg,2025-10-22 19:20:59
2019-11-26,1309.8599853515625,1314.800048828125,1305.0899658203125,1313.550048828125,1313.550048828125,1069700,GOOG,0.2817143448787847,Bloomberg,2025-10-22 19:20:59
2019-11-27,1315.0,1318.3599853515625,1309.6300048828125,1312.989990234375,1312.989990234375,995600,GOOG,-0.15285245365969582,Bloomberg,2025-10-22 19:20:59
2019-11-29,1307.1199951171875,1310.2049560546875,1303.969970703125,1304.9599609375,1304.9599609375,587000,GOOG,-0.16525140673820432,Bloomberg,2025-10-22 19:20:59
2019-12-02,1301.0,1305.8299560546875,1281.0,1289.9200439453125,1289.9200439453125,1510900,GOOG,-0.8516491971320138,Bloomberg,2025-10-22 19:20:59
2019-12-03,1279.5699462890625,1298.4610595703125,1279.0,1295.280029296875,1295.280029296875,1143800,GOOG,1.2277627380491396,Bloomberg,2025-10-22 19:20:59
2019-12-04,1307.010009765625,1325.800048828125,1304.8699951171875,1320.5400390625,1320.5400390625,1537500,GOOG,1.0351894167437343,Bloomberg,2025-10-22 19:20:59
2019-12-05,1328.0,1329.3580322265625,1316.43994140625,1328.1300048828125,1328.1300048828125,1212700,GOOG,0.009789524308170181,Bloomberg,2025-10-22 19:20:59
2019-12-06,1333.43994140625,1344.0,1333.43994140625,1340.6199951171875,1340.6199951171875,1314800,GOOG,0.5384609751051399,Bloomberg,2025-10-22 19:20:59
2019-12-09,1338.0400390625,1359.449951171875,1337.8399658203125,1343.56005859375,1343.56005859375,1354300,GOOG,0.4125451683133197,Bloomberg,2025-10-22 19:20:59
2019-12-10,1341.5,1349.9749755859375,1336.0400390625,1344.6600341796875,1344.6600341796875,1094100,GOOG,0.23555975994688783,Bloomberg,2025-10-22 19:20:59
2019-12-11,1350.8399658203125,1351.199951171875,1342.6700439453125,1345.02001953125,1345.02001953125,850400,GOOG,-0.43083906579031905,Bloomberg,2025-10-22 19:20:59
2019-12-12,1345.93994140625,1355.7750244140625,1340.5,1350.27001953125,1350.27001953125,1281000,GOOG,0.32171406700925276,Bloomberg,2025-10-22 19:20:59
2019-12-13,1347.949951171875,1353.093017578125,1343.8699951171875,1347.8299560546875,1347.8299560546875,1549600,GOOG,-0.008902045441908223,Bloomberg,2025-10-22 19:20:59
2019-12-16,1356.5,1364.6800537109375,1352.6700439453125,1361.1700439453125,1361.1700439453125,1397300,GOOG,0.344271577243826,Bloomberg,2025-10-22 19:20:59
2019-12-17,1362.8900146484375,1365.0,1351.322998046875,1355.1199951171875,1355.1199951171875,1854000,GOOG,-0.5701134682723686,Bloomberg,2025-10-22 19:20:59
2019-12-18,1356.5999755859375,1360.469970703125,1351.0,1352.6199951171875,1352.6199951171875,1522600,GOOG,-0.2933790756579501,Bloomberg,2025-10-22 19:20:59
2019-12-19,1351.8199462890625,1358.0999755859375,1348.9849853515625,1356.0400390625,1356.0400390625,1469900,GOOG,0.312178614098886,Bloomberg,2025-10-22 19:20:59
2019-12-20,1363.3499755859375,1363.6400146484375,1349.0,1349.5899658203125,1349.5899658203125,3315000,GOOG,-1.0092793495456847,Bloomberg,2025-10-22 19:20:59
2019-12-23,1355.8699951171875,1359.800048828125,1346.510009765625,1348.8399658203125,1348.8399658203125,883100,GOOG,-0.5184884481692064,Bloomberg,2025-10-22 19:20:59
2019-12-24,1348.5,1350.260009765625,1342.780029296875,1343.56005859375,1343.56005859375,347500,GOOG,-0.3663286174453096,Bloomberg,2025-10-22 19:20:59
2019-12-26,1346.1700439453125,1361.3270263671875,1344.469970703125,1360.4000244140625,1360.4000244140625,667500,GOOG,1.057071544026134,Bloomberg,2025-10-22 19:20:59
2019-12-27,1362.989990234375,1364.530029296875,1349.31005859375,1351.8900146484375,1351.8900146484375,1038400,GOOG,-0.8143842335943192,Bloomberg,2025-10-22 19:20:59
2019-12-30,1350.0,1353.0,1334.02001953125,1336.1400146484375,1336.1400146484375,1050900,GOOG,-1.026665581597222,Bloomberg,2025-10-22 19:20:59
2019-12-31,1330.1099853515625,1338.0,1329.0849609375,1337.02001953125,1337.02001953125,961800,GOOG,0.5195084809367176,Bloomberg,2025-10-22 19:20:59
